CustomerID,Recency,Frequency,Monetary,R,F,M,Seg
14646,2,73,280206.02,5,5,5,Champion
18102,1,60,259657.3,5,5,5,Champion
17450,8,46,194550.79,5,5,5,Champion
14911,1,201,143825.06,5,5,5,Champion
12415,24,21,124914.53,4,5,5,Champion
14156,10,55,117379.63,5,5,5,Champion
17511,3,31,91062.38,5,5,5,Champion
16684,4,28,66653.56000000001,5,5,5,Champion
14096,4,17,65164.79,5,5,5,Champion
13694,4,50,65039.62,5,5,5,Champion
15311,1,91,60767.9,5,5,5,Champion
13089,3,97,58825.83,5,5,5,Champion
17949,1,45,58510.48,5,5,5,Champion
15769,7,26,56252.72,5,5,5,Champion
15061,4,48,54534.14,5,5,5,Champion
14298,8,44,51527.3,5,5,5,Champion
14088,10,13,50491.810000000005,5,5,5,Champion
15749,235,3,44534.3,1,3,5,At risk
12931,22,15,42055.95999999999,4,5,5,Champion
17841,2,124,40991.57,5,5,5,Champion
15098,182,3,39916.5,1,3,5,At risk
13798,1,57,37153.85,5,5,5,Champion
16013,4,47,37130.600000000006,5,5,5,Champion
16422,17,51,34684.4,4,5,5,Champion
12748,1,209,33719.729999999996,5,5,5,Champion
15838,11,19,33643.079999999994,5,5,5,Champion
17404,4,15,31906.82,5,5,5,Champion
17389,1,34,31833.68,5,5,5,Champion
13098,1,28,28882.44,5,5,5,Champion
14680,25,16,28754.109999999997,4,5,5,Champion
13081,12,11,28337.379999999997,5,5,5,Champion
13408,2,62,28117.04,5,5,5,Champion
17857,4,23,26879.04,5,5,5,Champion
16333,8,22,26626.8,5,5,5,Champion
13777,1,33,25977.159999999996,5,5,5,Champion
12753,23,6,21429.39,4,5,5,Champion
16210,2,18,21086.300000000003,5,5,5,Champion
17675,1,31,20374.28,5,5,5,Champion
17381,9,29,20275.61,5,5,5,Champion
15039,10,47,19914.440000000002,5,5,5,Champion
12471,2,30,19824.05,5,5,5,Champion
12731,24,12,18895.909999999996,4,5,5,Champion
15159,2,30,18641.010000000002,5,5,5,Champion
12901,9,28,17654.540000000005,5,5,5,Champion
14031,7,19,17286.86,5,5,5,Champion
17428,1,28,17256.85,5,5,5,Champion
13767,2,37,17220.36,5,5,5,Champion
13881,4,20,17159.52,5,5,5,Champion
16839,9,34,16594.35,5,5,5,Champion
12921,9,37,16587.09,5,5,5,Champion
14607,16,14,16569.5,4,5,5,Champion
15856,4,27,16387.57,5,5,5,Champion
17677,2,30,16363.23,5,5,5,Champion
15189,1,41,16225.390000000001,5,5,5,Champion
14051,1,23,15610.39,5,5,5,Champion
15513,33,19,14758.220000000001,4,5,5,Champion
16133,4,33,14589.04,5,5,5,Champion
14866,11,12,14389.900000000001,5,5,5,Champion
16705,1,20,14034.990000000002,5,5,5,Champion
12681,15,22,13787.54,4,5,5,Champion
12621,2,20,13689.670000000002,5,5,5,Champion
12540,20,17,13400.24,4,5,5,Champion
12433,1,7,13375.87,5,5,5,Champion
15498,3,27,13316.4,5,5,5,Champion
12477,23,6,13219.740000000002,4,4,5,Champion
17735,2,19,13110.02,5,5,5,Champion
16525,2,26,13027.45,5,5,5,Champion
14258,9,9,12669.980000000001,5,5,5,Champion
13078,3,26,12627.94,5,5,5,Champion
15640,4,15,12515.66,5,5,5,Champion
16000,3,3,12393.7,5,4,5,Champion
17340,30,11,12353.29,4,5,5,Champion
12682,4,31,12288.220000000001,5,5,5,Champion
13113,1,24,12245.96,5,5,5,Champion
14606,1,93,12156.650000000001,5,5,5,Champion
12557,16,5,11990.96,4,4,5,Champion
15125,25,15,11528.479999999998,4,5,5,Champion
14194,5,21,11349.52,5,5,5,Champion
12971,4,86,11189.91,5,5,5,Champion
14895,8,20,11138.710000000003,5,5,5,Champion
12409,79,3,11072.670000000002,2,3,5,At risk
15482,16,12,11054.960000000001,4,5,5,Champion
17581,1,25,11045.04,5,5,5,Champion
13319,5,26,10845.550000000001,5,5,5,Champion
17107,33,6,10815.43,4,5,5,Champion
14769,3,8,10674.75,5,5,5,Champion
17139,16,12,10668.47,4,5,5,Champion
16779,2,22,10629.719999999998,5,5,5,Champion
17865,31,20,10526.32,4,5,5,Champion
17706,4,17,10504.49,5,5,5,Champion
15251,9,11,10484.989999999998,5,5,5,Champion
14062,10,12,10464.85,5,5,5,Champion
15615,10,23,10399.740000000002,5,5,5,Champion
15502,16,12,10384.93,4,5,5,Champion
16180,100,8,10254.18,2,5,5,At risk
12590,211,2,9864.259999999998,1,2,5,At risk
13001,4,13,9818.820000000002,5,5,5,Champion
13199,4,38,9817.119999999997,5,5,5,Champion
15078,7,32,9743.11,5,5,5,Champion
12709,15,15,9736.52,4,5,5,Champion
13458,7,14,9646.57,5,5,5,Champion
14733,16,12,9585.910000000002,4,5,5,Champion
16523,2,21,9418.470000000001,5,5,5,Champion
12567,23,10,9401.279999999999,4,5,5,Champion
14367,8,16,9261.52,5,5,5,Champion
14667,11,25,9241.2,5,5,5,Champion
18092,2,11,9068.260000000002,5,5,5,Champion
13969,7,18,9053.94,5,5,5,Champion
12451,11,5,9035.52,5,4,5,Champion
13488,17,13,8968.310000000001,4,5,5,Champion
13090,9,14,8910.82,5,5,5,Champion
16033,6,20,8816.4,5,5,5,Champion
17017,3,20,8694.26,5,5,5,Champion
17243,1,26,8676.849999999999,5,5,5,Champion
17306,11,19,8631.310000000001,5,5,5,Champion
16656,22,15,8625.8,4,5,5,Champion
14527,3,55,8508.820000000002,5,5,5,Champion
12683,4,15,8476.57,5,5,5,Champion
18139,18,6,8438.339999999998,4,5,5,Champion
15358,5,22,8347.2,5,5,5,Champion
16558,1,20,8338.49,5,5,5,Champion
14056,1,23,8214.650000000001,5,5,5,Champion
16672,2,20,8134.94,5,5,5,Champion
13854,9,25,8109.519999999999,5,5,5,Champion
18109,2,26,8052.97,5,5,5,Champion
14796,1,17,8022.49,5,5,5,Champion
12428,26,9,7956.460000000001,4,5,5,Champion
15290,5,18,7943.219999999999,5,5,5,Champion
14849,22,25,7930.54,4,5,5,Champion
12757,16,13,7857.100000000001,4,5,5,Champion
17811,4,39,7837.7300000000005,5,5,5,Champion
13093,276,8,7832.470000000001,1,5,5,At risk
12435,80,2,7829.890000000001,2,2,5,At risk
13629,23,11,7792.36,4,5,5,Champion
15044,19,17,7700.2300000000005,4,5,5,Champion
15194,3,15,7616.530000000001,5,5,5,Champion
18172,15,20,7561.68,4,5,5,Champion
13263,1,35,7454.070000000001,5,5,5,Champion
12474,17,18,7375.79,4,5,5,Champion
12980,158,9,7374.9000000000015,2,5,5,At risk
15465,20,18,7354.62,4,5,5,Champion
12583,3,15,7281.38,5,5,5,Champion
13018,16,28,7277.700000000001,4,5,5,Champion
18229,12,20,7276.9000000000015,5,5,5,Champion
16923,12,19,7247.610000000001,5,5,5,Champion
16745,87,17,7194.300000000001,2,5,5,At risk
16873,5,6,7123.62,5,5,5,Champion
13985,4,15,7060.130000000001,5,5,5,Champion
14961,11,9,7044.68,5,5,5,Champion
12766,4,7,6989.63,5,5,5,Champion
12989,3,15,6924.11,5,5,5,Champion
16713,19,15,6923.13,4,5,5,Champion
13027,114,6,6912.0,2,5,5,At risk
16187,32,15,6911.44,4,5,5,Champion
17416,30,7,6893.420000000001,4,5,5,Champion
12705,15,9,6868.29,4,5,5,Champion
12476,16,11,6816.420000000001,4,5,5,Champion
15023,3,11,6802.759999999999,5,5,5,Champion
18055,7,10,6784.19,5,5,5,Champion
15601,11,14,6776.5599999999995,5,5,5,Champion
16532,18,3,6748.8,4,4,5,Champion
13576,10,18,6717.339999999999,5,5,5,Champion
16746,5,18,6697.66,5,5,5,Champion
15249,32,13,6688.459999999999,4,5,5,Champion
16353,4,23,6675.709999999999,5,5,5,Champion
17338,17,8,6643.93,4,5,5,Champion
12626,23,9,6620.4800000000005,4,5,5,Champion
15144,8,17,6580.44,5,5,5,Champion
12472,32,7,6572.11,4,5,5,Champion
16814,14,21,6509.1,4,5,5,Champion
18223,5,14,6484.54,5,5,5,Champion
15694,1,14,6479.399999999999,5,5,5,Champion
13225,3,7,6463.84,5,5,5,Champion
13102,1,24,6424.090000000001,5,5,5,Champion
13871,23,13,6403.25,4,5,5,Champion
13668,3,21,6363.59,5,5,5,Champion
13709,4,13,6328.05,5,5,5,Champion
15005,16,28,6316.57,4,5,5,Champion
17315,2,38,6292.26,5,5,5,Champion
16126,29,4,6287.77,4,4,5,Champion
14057,24,17,6217.959999999999,4,5,5,Champion
14060,5,19,6140.42,5,5,5,Champion
13418,12,18,6127.43,5,5,5,Champion
15939,90,15,6115.01,2,5,5,At risk
14735,4,32,6065.6900000000005,5,5,5,Champion
13097,33,10,6010.42,4,5,5,Champion
14101,74,6,5976.79,2,5,5,At risk
15382,15,6,5955.71,4,5,5,Champion
14505,17,8,5905.64,4,5,5,Champion
14415,1,13,5900.280000000001,5,5,5,Champion
14944,30,12,5900.250000000001,4,5,5,Champion
13209,30,8,5891.610000000001,4,5,5,Champion
13534,2,25,5870.08,5,5,5,Champion
13050,15,17,5836.860000000001,4,5,5,Champion
12720,3,25,5781.73,5,5,5,Champion
15218,11,11,5756.889999999999,5,5,5,Champion
17686,7,7,5739.46,5,5,5,Champion
13178,26,11,5725.47,4,5,5,Champion
16553,163,12,5719.82,2,5,5,At risk
13468,2,37,5704.97,5,5,5,Champion
14110,4,12,5683.15,5,5,5,Champion
14049,17,4,5681.719999999999,4,4,5,Champion
17049,3,9,5659.9800000000005,5,5,5,Champion
17716,23,11,5655.99,4,5,5,Champion
13004,12,18,5655.91,5,5,5,Champion
18118,11,26,5653.82,5,5,5,Champion
14688,8,21,5630.869999999999,5,5,5,Champion
17757,1,30,5605.29,5,5,5,Champion
12481,23,10,5596.32,4,5,5,Champion
12839,3,14,5591.42,5,5,5,Champion
16767,31,11,5580.599999999999,4,5,5,Champion
16161,2,19,5575.5599999999995,5,5,5,Champion
12539,22,4,5568.35,4,4,5,Champion
15805,23,17,5528.4800000000005,4,5,5,Champion
18225,3,12,5509.120000000001,5,5,5,Champion
16609,15,7,5493.459999999999,4,5,5,Champion
16985,17,10,5464.12,4,5,5,Champion
16265,9,9,5447.000000000001,5,5,5,Champion
18198,4,17,5425.560000000001,5,5,5,Champion
12490,5,10,5417.93,5,5,5,Champion
17809,16,12,5411.910000000001,4,5,5,Champion
16701,9,13,5398.3,5,5,5,Champion
17850,372,34,5391.21,1,5,5,At risk
16303,26,3,5360.63,4,4,5,Champion
13269,1,15,5346.23,5,5,5,Champion
15150,17,10,5314.47,4,5,5,Champion
17730,3,13,5298.4800000000005,5,5,5,Champion
17061,74,11,5232.229999999999,2,5,5,At risk
12362,3,10,5226.23,5,5,5,Champion
15046,9,15,5213.769999999999,5,5,5,Champion
13756,2,14,5189.52,5,5,5,Champion
16191,3,13,5180.5199999999995,5,5,5,Champion
15727,17,7,5178.960000000001,4,5,5,Champion
17858,6,12,5155.66,5,5,5,Champion
13599,1,21,5153.67,5,5,5,Champion
15903,10,7,5126.76,5,5,5,Champion
13941,22,5,5112.960000000001,4,4,5,Champion
17602,2,6,5102.969999999999,5,5,5,Champion
16700,9,13,5076.55,5,5,5,Champion
14562,4,18,5074.77,5,5,5,Champion
13139,16,7,5064.9400000000005,4,5,5,Champion
15719,33,13,5045.61,4,5,5,Champion
17426,8,6,5037.26,5,5,5,Champion
14329,17,7,5014.84,4,5,5,Champion
14755,10,11,5010.28,5,5,5,Champion
12444,21,5,5005.46,4,4,5,Champion
15032,256,3,4959.1,1,3,5,At risk
15547,7,14,4954.84,5,5,5,Champion
12437,2,18,4951.41,5,5,5,Champion
12700,8,4,4939.99,5,4,5,Champion
14709,15,13,4921.04,4,5,5,Champion
17133,16,7,4892.24,4,5,5,Champion
12664,8,9,4881.880000000001,5,5,5,Champion
14292,8,9,4871.929999999999,5,5,5,Champion
17652,25,12,4867.720000000001,4,5,5,Champion
15738,19,16,4812.42,4,5,5,Champion
13013,1,13,4810.9400000000005,5,5,5,Champion
15555,12,16,4805.17,5,5,5,Champion
17365,13,8,4801.5599999999995,5,5,5,Champion
15298,2,12,4799.900000000001,5,5,5,Champion
15187,2,16,4777.18,5,5,5,Champion
17690,30,15,4757.95,4,5,5,Champion
12955,1,11,4757.16,5,5,5,Champion
14180,11,25,4748.5199999999995,5,5,5,Champion
15152,10,13,4745.6900000000005,5,5,5,Champion
16722,17,13,4730.8099999999995,4,5,5,Champion
12714,9,5,4708.860000000001,5,4,5,Champion
14159,20,11,4693.01,4,5,5,Champion
14135,2,15,4690.3099999999995,5,5,5,Champion
14191,2,13,4684.76,5,5,5,Champion
15291,26,15,4668.3,4,5,5,Champion
14189,2,15,4654.08,5,5,5,Champion
14390,10,9,4652.820000000001,5,5,5,Champion
16931,5,21,4604.219999999999,5,5,5,Champion
13802,139,3,4599.419999999999,2,3,5,At risk
15093,18,6,4597.02,4,5,5,Champion
17613,23,14,4559.150000000001,4,5,5,Champion
17068,12,21,4552.14,5,5,5,Champion
12484,33,6,4541.719999999999,4,4,5,Champion
13267,3,19,4521.49,5,5,5,Champion
17975,15,13,4488.8099999999995,4,5,5,Champion
12524,9,8,4485.72,5,5,5,Champion
14426,24,10,4481.67,4,5,5,Champion
16984,88,2,4481.35,2,3,5,At risk
17364,1,11,4481.18,5,5,5,Champion
12627,11,7,4478.53,5,5,5,Champion
14085,2,18,4448.540000000001,5,5,5,Champion
14534,3,18,4447.050000000001,5,5,5,Champion
13069,1,24,4436.12,5,5,5,Champion
15955,24,14,4416.26,4,5,5,Champion
16626,1,17,4413.1,5,5,5,Champion
12712,29,13,4396.13,4,5,5,Champion
13505,73,4,4393.63,2,4,5,At risk
16945,22,19,4345.5,4,5,5,Champion
14016,162,4,4341.21,2,4,5,At risk
14525,20,9,4332.2,4,5,5,Champion
17567,7,8,4331.4800000000005,5,5,5,Champion
18251,87,1,4314.719999999999,2,2,5,At risk
12347,2,7,4310.0,5,5,5,Champion
15034,16,8,4308.610000000001,4,5,5,Champion
17937,9,7,4301.219999999999,5,5,5,Champion
14422,1,6,4263.639999999999,5,5,5,Champion
12500,23,11,4257.82,4,5,5,Champion
17419,11,12,4226.57,5,5,5,Champion
15804,1,13,4206.389999999999,5,5,5,Champion
17920,4,17,4204.099999999999,5,5,5,Champion
15971,18,12,4199.849999999999,4,5,5,Champion
12747,2,11,4196.009999999999,5,5,5,Champion
14146,9,5,4191.0,5,4,5,Champion
18041,12,21,4183.389999999999,5,5,5,Champion
12949,31,8,4167.22,4,5,5,Champion
15570,7,12,4165.52,5,5,5,Champion
16549,10,10,4154.64,5,5,5,Champion
13384,31,7,4151.93,4,5,5,Champion
13555,74,4,4149.280000000001,2,4,5,At risk
13988,20,6,4147.96,4,5,5,Champion
15514,12,11,4139.459999999999,5,5,5,Champion
12569,2,32,4124.6900000000005,5,5,5,Champion
16592,4,16,4113.68,5,5,5,Champion
17377,24,20,4100.92,4,5,5,Champion
16401,1,12,4098.32,5,5,5,Champion
16670,17,11,4095.9,4,5,5,Champion
12749,4,5,4090.88,5,4,5,Champion
14092,8,14,4076.9100000000003,5,5,5,Champion
12449,22,4,4067.2900000000004,4,4,5,Champion
18087,98,2,4055.7199999999993,2,3,5,At risk
14401,4,13,4051.4800000000005,5,5,5,Champion
12656,17,5,4051.1699999999996,4,4,5,Champion
12867,26,7,4036.82,4,5,5,Champion
13815,22,4,4027.36,4,4,5,Champion
12841,5,25,4022.35,5,5,5,Champion
12957,10,8,4017.5399999999995,5,5,5,Champion
14547,4,8,4007.5400000000004,5,5,5,Champion
16186,23,12,4006.94,4,5,5,Champion
17769,13,10,3997.98,5,5,5,Champion
15529,23,11,3995.23,4,5,5,Champion
17001,1,11,3989.5700000000006,5,5,5,Champion
17611,7,15,3984.22,5,5,5,Champion
12727,11,7,3980.7000000000003,5,5,5,Champion
14299,8,9,3965.62,5,5,5,Champion
13523,33,5,3964.8799999999997,4,4,5,Champion
13183,8,9,3957.7799999999997,5,5,5,Champion
17651,12,10,3945.0,5,5,5,Champion
12473,29,5,3938.55,4,4,5,Champion
17593,4,5,3927.34,5,4,5,Champion
14739,4,7,3902.2800000000007,5,5,5,Champion
13999,10,12,3901.81,5,5,5,Champion
14291,2,11,3883.249999999999,5,5,5,Champion
18073,114,12,3877.52,2,5,5,At risk
13124,90,3,3866.33,2,3,5,At risk
16717,24,6,3858.38,4,5,5,Champion
12662,1,11,3849.7799999999997,5,5,5,Champion
16327,14,6,3844.2199999999993,4,5,5,Champion
13266,11,12,3834.2599999999993,5,5,5,Champion
17091,3,9,3827.7600000000007,5,5,5,Champion
15867,5,15,3812.6400000000003,5,5,5,Champion
12755,281,2,3811.9499999999994,1,2,5,At risk
12597,19,4,3811.22,4,4,5,Champion
13435,5,7,3809.890000000001,5,5,5,Champion
12668,12,4,3807.1499999999996,5,4,5,Champion
16145,9,11,3799.49,5,5,5,Champion
16655,18,6,3794.5199999999995,4,5,5,Champion
16168,11,27,3787.5999999999995,5,5,5,Champion
12562,8,7,3781.74,5,5,5,Champion
17173,5,8,3766.599999999999,5,5,5,Champion
16904,4,16,3754.2700000000004,5,5,5,Champion
12429,9,4,3750.3999999999996,5,4,5,Champion
17238,3,17,3744.6500000000005,5,5,5,Champion
16570,15,10,3738.4,4,5,5,Champion
15808,306,4,3734.9700000000003,1,4,5,At risk
14282,3,15,3729.34,5,5,5,Champion
12502,96,5,3723.87,2,4,5,At risk
12647,22,12,3722.82,4,5,5,Champion
13680,1,4,3722.42,5,4,5,Champion
14364,109,8,3717.35,2,5,5,At risk
15845,18,8,3711.7700000000004,4,5,5,Champion
13148,29,12,3707.120000000001,4,5,5,Champion
15379,169,7,3703.29,2,5,5,At risk
12553,8,10,3692.2799999999997,5,5,5,Champion
15581,121,13,3679.9700000000003,2,5,5,At risk
13137,11,8,3650.41,5,5,5,Champion
12417,3,9,3649.1000000000004,5,5,5,Champion
16712,9,11,3645.4300000000003,5,5,5,Champion
13426,1,10,3641.3199999999997,5,5,5,Champion
12619,16,9,3641.2400000000002,4,5,5,Champion
16440,8,5,3640.67,5,4,5,Champion
13381,32,6,3639.3100000000004,4,5,5,Champion
17230,264,8,3638.409999999999,1,5,5,At risk
14543,29,16,3630.33,4,5,5,Champion
17528,1,8,3628.5,5,5,5,Champion
17576,8,19,3622.6800000000003,5,5,5,Champion
13082,126,9,3613.63,2,5,5,At risk
16242,8,7,3603.2100000000005,5,5,5,Champion
15484,1,4,3594.31,5,4,5,Champion
14132,2,11,3586.0299999999997,5,5,5,Champion
17491,1,10,3558.870000000001,5,5,5,Champion
15544,9,9,3546.71,5,5,5,Champion
14503,3,6,3543.2599999999998,5,5,5,Champion
13448,17,6,3539.37,4,5,5,Champion
13334,82,3,3536.8200000000006,2,3,5,At risk
17160,31,6,3518.03,4,5,5,Champion
13953,7,7,3515.6800000000003,5,5,5,Champion
16360,5,6,3512.53,5,5,5,Champion
14395,2,9,3507.7100000000005,5,5,5,Champion
14907,3,7,3501.1000000000004,5,5,5,Champion
16458,3,18,3482.74,5,5,5,Champion
13014,11,10,3466.28,5,5,5,Champion
17758,19,8,3456.7000000000007,4,5,5,Champion
15410,84,8,3450.84,2,5,5,At risk
13536,1,7,3448.29,5,5,5,Champion
17725,16,11,3439.0800000000004,4,5,5,Champion
15981,25,8,3408.4800000000005,4,5,5,Champion
13437,14,7,3408.0600000000004,4,5,5,Champion
13198,10,6,3401.24,5,5,5,Champion
16011,8,16,3362.71,5,5,5,Champion
14227,26,10,3350.96,4,5,5,Champion
16818,11,11,3349.57,5,5,5,Champion
16607,18,14,3347.71,4,5,5,Champion
17183,8,6,3347.31,5,5,5,Champion
12643,128,6,3344.64,2,5,5,At risk
14702,1,17,3292.1400000000003,5,5,5,Champion
15632,16,8,3285.3100000000004,4,5,5,Champion
12480,28,4,3281.63,4,4,5,Champion
15764,88,6,3279.9700000000003,2,5,5,At risk
17723,127,6,3276.4,2,5,5,At risk
13952,218,2,3251.0710000000004,1,2,5,At risk
13047,32,10,3237.54,4,5,5,Champion
15443,2,7,3236.9100000000003,5,5,5,Champion
17050,96,6,3228.84,2,5,5,At risk
13880,21,13,3219.7700000000004,4,5,5,Champion
13268,18,11,3214.6899999999996,4,5,5,Champion
14388,10,8,3212.84,5,5,5,Champion
16107,18,7,3204.1600000000003,4,5,5,Champion
17220,24,14,3198.25,4,5,5,Champion
17685,17,7,3191.5300000000007,4,5,5,Champion
13758,12,7,3190.55,5,5,5,Champion
17231,12,10,3174.3199999999997,5,5,5,Champion
16837,31,11,3170.9800000000005,4,5,5,Champion
16041,31,3,3166.4,4,4,5,Champion
15861,12,8,3165.359999999999,5,5,5,Champion
14235,75,5,3144.859999999999,2,4,5,At risk
13742,17,12,3131.02,4,5,5,Champion
16156,9,9,3122.04,5,5,5,Champion
13685,3,7,3119.4400000000005,5,5,5,Champion
16326,6,14,3110.96,5,5,5,Champion
16678,3,12,3109.99,5,5,5,Champion
13869,123,4,3104.9500000000003,2,4,5,At risk
14099,16,11,3104.17,4,5,5,Champion
16905,5,7,3102.4300000000003,5,5,5,Champion
15491,95,6,3100.09,2,5,5,At risk
14565,96,4,3099.12,2,4,5,At risk
17059,30,5,3095.04,4,4,5,Champion
13362,9,4,3090.7400000000007,5,4,5,Champion
16218,30,7,3084.6800000000003,4,5,5,Champion
18272,3,6,3078.58,5,5,5,Champion
12910,23,8,3075.0400000000004,4,5,5,Champion
13631,100,11,3070.42,2,5,5,At risk
14456,5,9,3062.3999999999996,5,5,5,Champion
17799,22,10,3055.93,4,5,5,Champion
16393,2,13,3046.21,5,5,5,Champion
16709,85,5,3029.8700000000003,2,4,5,At risk
12598,10,8,3023.08,5,5,5,Champion
12395,19,12,3018.63,4,5,5,Champion
18094,82,7,3017.2999999999997,2,5,5,At risk
12754,236,3,3010.739999999999,1,3,5,At risk
12916,139,4,3006.1499999999996,2,4,5,At risk
17659,17,12,2999.46,4,5,5,Champion
17504,206,9,2997.03,1,5,5,At risk
12670,10,5,2996.05,5,4,5,Champion
14307,89,6,2995.72,2,5,5,At risk
15687,9,9,2993.1,5,5,5,Champion
13451,26,5,2976.15,4,4,5,Champion
14032,2,11,2975.59,5,5,5,Champion
15854,4,12,2974.65,5,5,5,Champion
17924,12,7,2962.5,5,5,5,Champion
14868,3,8,2953.59,5,5,5,Champion
17444,148,3,2940.0400000000004,2,4,5,At risk
14530,26,6,2925.91,4,5,5,Champion
17512,29,10,2924.9900000000002,4,5,5,Champion
12906,12,5,2919.81,5,4,5,Champion
14112,23,7,2915.15,4,5,5,Champion
17644,1,11,2895.6400000000003,5,5,5,Champion
18144,8,12,2888.75,5,5,5,Champion
12408,33,5,2888.5499999999997,4,4,5,Champion
13735,25,4,2885.2400000000002,4,4,5,Champion
16633,17,6,2883.0999999999995,4,5,5,Champion
15673,88,4,2881.0199999999995,2,4,5,At risk
14251,2,5,2879.7,5,4,5,Champion
17728,4,3,2876.01,5,4,5,Champion
14005,10,5,2874.7200000000003,5,4,5,Champion
15628,5,9,2870.24,5,5,5,Champion
14711,10,11,2868.8,5,5,5,Champion
12685,28,6,2863.08,4,5,5,Champion
18145,13,4,2861.5500000000006,5,4,5,Champion
16928,80,17,2847.6,2,5,5,At risk
15984,3,10,2837.67,5,5,5,Champion
14572,3,7,2832.84,5,5,5,Champion
17596,23,7,2827.9300000000003,4,5,5,Champion
16871,22,6,2812.34,4,5,5,Champion
14903,21,5,2810.63,4,4,5,Champion
18230,9,7,2810.2,5,5,5,Champion
13230,4,14,2806.9700000000003,5,5,5,Champion
16764,4,13,2799.25,5,5,5,Champion
15993,9,7,2797.5699999999997,5,5,5,Champion
13769,2,10,2796.51,5,5,5,Champion
12758,117,2,2791.5899999999997,2,2,5,At risk
17739,12,7,2791.35,5,5,5,Champion
14626,24,4,2791.27,4,4,5,Champion
12388,16,6,2780.66,4,4,5,Champion
14121,4,4,2780.15,5,4,5,Champion
17838,27,5,2779.3,4,4,5,Champion
13870,2,8,2770.94,5,5,5,Champion
15356,31,10,2766.5,4,5,5,Champion
15114,30,10,2760.5600000000004,4,5,5,Champion
14854,78,7,2759.83,2,5,5,At risk
13971,19,8,2758.26,4,5,5,Champion
12669,151,3,2744.0299999999997,2,3,5,At risk
15696,33,8,2736.46,4,5,5,Champion
16938,9,4,2736.38,5,4,5,Champion
16003,30,5,2735.37,4,4,5,Champion
12840,144,4,2726.77,2,4,5,At risk
12380,22,4,2724.8100000000004,4,4,5,Champion
12708,30,10,2712.91,4,5,5,Champion
15796,1,8,2711.56,5,5,5,Champion
17069,28,9,2709.7000000000003,4,5,5,Champion
13285,23,4,2709.1200000000003,4,4,5,Champion
14732,8,8,2702.4900000000002,5,5,5,Champion
18097,8,6,2697.8,5,5,5,Champion
17386,8,6,2686.42,5,5,5,Champion
12625,212,2,2683.82,1,2,5,At risk
17346,4,15,2676.56,5,5,5,Champion
13883,11,5,2674.4800000000005,5,4,5,Champion
14713,9,11,2666.36,5,5,5,Champion
15671,19,7,2657.13,4,5,5,Champion
12721,32,6,2656.13,4,5,5,Champion
13851,96,3,2651.4600000000005,2,3,5,At risk
16618,31,5,2647.59,4,4,5,Champion
18260,173,6,2643.2,2,5,5,At risk
13658,10,5,2639.1699999999996,5,4,5,Champion
17655,11,7,2638.9399999999996,5,5,5,Champion
13804,31,7,2635.79,4,5,5,Champion
12520,79,5,2634.2599999999998,2,4,5,At risk
17402,5,13,2633.8499999999995,5,5,5,Champion
18077,8,11,2633.01,5,5,5,Champion
13644,16,4,2624.26,4,4,5,Champion
18210,2,6,2621.38,5,5,5,Champion
16255,17,8,2619.91,4,5,5,Champion
14262,8,8,2618.2299999999996,5,5,5,Champion
13021,4,9,2616.38,5,5,5,Champion
15782,10,3,2614.74,5,4,5,Champion
14397,3,19,2612.96,5,5,5,Champion
18075,23,10,2611.75,4,5,5,Champion
12726,28,7,2609.1,4,5,5,Champion
16241,10,13,2607.87,5,5,5,Champion
14408,11,7,2606.5300000000007,5,5,5,Champion
13983,30,12,2603.4300000000003,4,5,5,Champion
12600,29,10,2599.0400000000004,4,5,5,Champion
16919,156,11,2596.45,2,5,5,At risk
13895,28,4,2593.07,4,4,5,Champion
14243,9,10,2588.77,5,5,5,Champion
15033,5,10,2586.67,5,5,5,Champion
14546,5,5,2578.09,5,4,5,Champion
16912,29,11,2575.38,4,5,5,Champion
18245,7,7,2567.06,5,5,5,Champion
15572,5,7,2552.8600000000006,5,5,5,Champion
14334,17,8,2552.21,4,5,5,Champion
14701,11,9,2549.37,5,5,5,Champion
14676,31,6,2548.24,4,5,5,Champion
17700,17,4,2534.6400000000003,4,4,5,Champion
13471,1,4,2531.58,5,4,5,Champion
14659,9,9,2529.93,5,5,5,Champion
17314,25,8,2527.92,4,5,5,Champion
13975,31,6,2526.28,4,5,5,Champion
17449,2,7,2520.86,5,5,5,Champion
13394,2,8,2520.0200000000004,5,5,5,Champion
15245,134,3,2515.84,2,3,5,At risk
15271,7,15,2507.0699999999997,5,5,5,Champion
13695,31,15,2504.13,4,5,5,Champion
12517,28,5,2502.84,4,4,5,Champion
15932,4,8,2495.8700000000003,5,5,5,Champion
12483,17,8,2484.9799999999996,4,5,5,Champion
12913,5,5,2483.63,5,4,5,Champion
16710,19,10,2483.04,4,5,5,Champion
13507,3,4,2479.16,5,4,5,Champion
13588,16,9,2478.9500000000003,4,5,5,Champion
17682,10,6,2474.3300000000004,5,5,5,Champion
17188,11,7,2474.2299999999996,5,5,5,Champion
14766,8,6,2473.37,5,5,5,Champion
14502,20,11,2470.67,4,5,5,Champion
17164,33,7,2467.3500000000004,4,5,5,Champion
12455,73,6,2466.86,2,4,5,At risk
15750,3,8,2465.4799999999996,5,5,5,Champion
17131,5,5,2463.17,5,4,5,Champion
13784,10,11,2462.79,5,5,5,Champion
15674,73,5,2446.6,2,4,5,At risk
14163,87,4,2445.91,2,4,5,At risk
15527,19,8,2429.78,4,5,5,Champion
17071,28,9,2429.03,4,5,5,Champion
13949,3,6,2427.32,5,5,5,Champion
16143,3,6,2424.94,5,5,5,Champion
17722,96,4,2424.04,2,4,5,At risk
15089,10,6,2420.84,5,5,5,Champion
15373,8,12,2415.91,5,5,5,Champion
15980,89,3,2398.8600000000006,2,4,5,At risk
18065,6,14,2392.8300000000004,5,5,5,Champion
13141,85,5,2388.7500000000005,2,4,5,At risk
17530,1,10,2385.0,5,5,5,Champion
14493,7,5,2383.24,5,4,5,Champion
14554,10,4,2381.04,5,4,5,Champion
15270,16,7,2379.4900000000002,4,5,5,Champion
13722,132,3,2375.41,2,3,5,At risk
17434,2,7,2373.82,5,5,5,Champion
14930,109,3,2372.8599999999997,2,3,5,At risk
13908,80,4,2369.5499999999997,2,4,5,At risk
15755,10,6,2364.25,5,5,5,Champion
14030,18,8,2360.09,4,5,5,Champion
14440,8,5,2357.6800000000003,5,4,5,Champion
14309,8,9,2352.53,5,5,5,Champion
12704,7,8,2340.84,5,5,5,Champion
18259,25,3,2338.6000000000004,4,4,5,Champion
12584,4,9,2338.15,5,5,5,Champion
17954,5,12,2332.7200000000003,5,5,5,Champion
12782,5,5,2330.92,5,4,5,Champion
15785,33,5,2328.9699999999993,4,4,5,Champion
17744,4,6,2322.4,5,5,5,Champion
17211,27,8,2317.2200000000003,4,5,5,Champion
14290,11,5,2314.65,5,4,5,Champion
15365,26,7,2314.32,4,5,5,Champion
13994,4,6,2313.1400000000003,5,5,5,Champion
13704,5,9,2308.06,5,5,5,Champion
16735,79,5,2300.56,2,4,5,At risk
16550,109,5,2298.97,2,4,5,At risk
15105,18,7,2298.9300000000007,4,5,5,Champion
13115,12,4,2294.78,5,4,5,Champion
15704,140,4,2293.6200000000003,2,4,5,At risk
12615,2,4,2291.19,5,4,5,Champion
12684,8,7,2283.63,5,5,5,Champion
16782,10,13,2279.9000000000005,5,5,5,Champion
17768,8,3,2273.18,5,4,5,Champion
14466,29,7,2272.4,4,5,5,Champion
13700,26,10,2265.12,4,5,5,Champion
16057,16,7,2263.12,4,5,5,Champion
16209,89,5,2262.62,2,4,5,At risk
14432,10,6,2255.51,5,5,5,Champion
16293,22,10,2248.9899999999993,4,5,5,Champion
15235,218,12,2247.51,1,5,5,At risk
16771,33,5,2246.81,4,4,5,Champion
15665,168,2,2242.01,2,3,5,At risk
16743,29,7,2238.09,4,5,5,Champion
14560,7,22,2237.77,5,5,5,Champion
16076,3,10,2234.73,5,5,5,Champion
14226,29,5,2232.1899999999996,4,4,5,Champion
14825,4,12,2226.91,5,5,5,Champion
17591,73,7,2225.9700000000003,2,5,5,At risk
12783,2,6,2225.91,5,5,5,Champion
15811,22,6,2218.62,4,5,5,Champion
12653,149,2,2209.85,2,2,5,At risk
13862,18,8,2209.3599999999997,4,5,5,Champion
15797,113,4,2207.4,2,4,5,At risk
15179,18,5,2206.9500000000007,4,4,5,Champion
13831,16,6,2202.99,4,5,5,Champion
17406,333,3,2200.42,1,4,5,At risk
16628,30,5,2188.0499999999997,4,4,5,Champion
15394,10,4,2183.54,5,4,5,Champion
12856,8,6,2179.93,5,5,5,Champion
13755,4,9,2161.35,5,5,5,Champion
12935,2,7,2160.7,5,5,5,Champion
16456,99,5,2158.3699999999994,2,4,5,At risk
14407,107,6,2157.73,2,5,5,At risk
16379,4,4,2157.3999999999996,5,4,5,Champion
16966,8,7,2154.97,5,5,5,Champion
14828,197,3,2139.76,1,3,5,At risk
17400,126,5,2129.9600000000005,2,4,5,At risk
14360,32,4,2128.2300000000005,4,4,5,Champion
16407,13,10,2126.9300000000003,5,5,5,Champion
14640,24,6,2125.08,4,5,5,Champion
15058,25,11,2124.99,4,5,5,Champion
13632,25,5,2121.27,4,4,5,Champion
18061,22,10,2119.41,4,5,5,Champion
14691,31,5,2114.33,4,4,5,Champion
18173,87,4,2106.84,2,4,5,At risk
18093,93,4,2106.5200000000004,2,4,5,At risk
14461,148,3,2103.0600000000004,2,3,5,At risk
14515,18,6,2102.09,4,5,5,Champion
17861,3,8,2100.8,5,5,5,Champion
13126,5,8,2099.6400000000003,5,5,5,Champion
12610,23,5,2099.54,4,4,5,Champion
17191,28,7,2095.13,4,5,5,Champion
18283,4,16,2094.88,5,5,5,Champion
17490,1,7,2092.32,5,5,5,Champion
13571,13,12,2092.32,5,5,5,Champion
13297,8,4,2089.85,5,4,5,Champion
18044,4,10,2088.6000000000004,5,5,5,Champion
16954,1,9,2085.08,5,5,5,Champion
18231,192,5,2083.27,1,4,5,At risk
14696,4,7,2078.95,5,5,5,Champion
14209,11,6,2073.4300000000003,5,5,5,Champion
18241,10,17,2073.09,5,5,5,Champion
18219,3,10,2069.77,5,5,5,Champion
14482,18,6,2068.1499999999996,4,5,5,Champion
12948,16,7,2064.9500000000003,4,5,5,Champion
12518,1,5,2056.89,5,4,4,Champion
14188,31,6,2054.3599999999997,4,5,4,Champion
17086,7,6,2050.08,5,5,4,Champion
17625,18,4,2047.0,4,4,4,Champion
13495,8,5,2044.87,5,4,4,Champion
17597,214,1,2044.3700000000001,1,2,4,At risk
17090,4,7,2043.9500000000005,5,5,4,Champion
13450,27,6,2043.7199999999998,4,5,4,Champion
12585,234,2,2040.1000000000004,1,2,4,At risk
13593,108,5,2037.08,2,4,4,At risk
18069,26,5,2036.6699999999998,4,4,4,Champion
17846,85,1,2033.1,2,2,4,At risk
13630,5,7,2031.7799999999997,5,5,4,Champion
17337,151,4,2027.87,2,4,4,At risk
16358,1,4,2027.4999999999998,5,4,4,Champion
14506,17,5,2012.1700000000003,4,4,4,Champion
16098,88,7,2005.6299999999999,2,5,4,At risk
14730,1,8,2005.06,5,5,4,Champion
14217,2,17,2004.9800000000002,5,5,4,Champion
16754,372,1,2002.4,1,2,4,At risk
15493,33,5,2001.8000000000002,4,4,4,Champion
18188,15,3,2001.0400000000002,4,4,4,Champion
13305,4,10,2000.8600000000001,5,5,4,Champion
16698,227,2,1998.0,1,3,4,At risk
17827,5,5,1995.46,5,4,4,Champion
17088,28,4,1991.0100000000002,4,4,4,Champion
13246,18,6,1987.3000000000002,4,5,4,Champion
13590,11,6,1981.9199999999996,5,5,4,Champion
17422,16,6,1979.3700000000001,4,5,4,Champion
16341,25,4,1971.87,4,4,4,Champion
17997,74,8,1970.67,2,5,4,At risk
17790,27,14,1965.5500000000004,4,5,4,Champion
17218,4,10,1960.7199999999998,5,5,4,Champion
15351,12,7,1960.1100000000001,5,5,4,Champion
12853,135,6,1957.1000000000004,2,5,4,At risk
17554,1,5,1952.4499999999998,5,4,4,Champion
14533,25,7,1949.72,4,5,4,Champion
14653,1,7,1947.5500000000002,5,5,4,Champion
15814,17,4,1945.33,4,4,4,Champion
14472,104,8,1936.84,2,5,4,At risk
15864,22,6,1936.3200000000004,4,5,4,Champion
12528,9,6,1933.48,5,5,4,Champion
14655,8,4,1932.23,5,4,4,Champion
16983,13,7,1931.2500000000002,5,5,4,Champion
13094,21,12,1927.3200000000002,4,5,4,Champion
16942,13,9,1920.5900000000001,5,5,4,Champion
15021,9,9,1914.8200000000002,5,5,4,Champion
17368,23,8,1912.67,4,5,4,Champion
14285,21,4,1910.0100000000002,4,4,4,Champion
16426,2,10,1908.25,5,5,4,Champion
17228,16,8,1906.09,4,5,4,Champion
14210,106,6,1905.8400000000004,2,5,4,At risk
17463,16,5,1896.4100000000003,4,4,4,Champion
17870,2,12,1894.3500000000001,5,5,4,Champion
14934,82,2,1890.94,2,3,4,At risk
15641,105,4,1887.2,2,4,4,At risk
13890,1,10,1883.8100000000002,5,5,4,Champion
16128,18,5,1880.2200000000003,4,4,4,Champion
17738,19,4,1879.0500000000002,4,4,4,Champion
17293,8,9,1875.1100000000001,5,5,4,Champion
16474,7,7,1871.5000000000002,5,5,4,Champion
17469,16,5,1870.9700000000003,4,4,4,Champion
14524,32,9,1867.6800000000003,4,5,4,Champion
17787,153,4,1865.19,2,4,4,At risk
16201,3,4,1863.4700000000003,5,4,4,Champion
12423,1,8,1859.31,5,5,4,Champion
17873,80,5,1859.1599999999999,2,4,4,At risk
12963,8,8,1856.63,5,5,4,Champion
16979,4,6,1852.0,5,5,4,Champion
12383,185,5,1850.56,1,4,4,At risk
12381,5,5,1845.31,5,4,4,Champion
17519,17,6,1844.0200000000002,4,5,4,Champion
18180,5,6,1843.75,5,5,4,Champion
17015,29,3,1842.56,4,4,4,Champion
14113,4,4,1840.42,5,4,4,Champion
14216,3,4,1839.3000000000002,5,4,4,Champion
13924,2,6,1838.85,5,5,4,Champion
13650,17,6,1836.3399999999997,4,5,4,Champion
15827,73,14,1836.09,2,5,4,At risk
13048,14,4,1835.91,4,4,4,Champion
16152,269,1,1829.0400000000004,1,2,4,At risk
15203,26,6,1827.8000000000002,4,5,4,Champion
18122,8,6,1826.2100000000003,5,5,4,Champion
17702,30,4,1824.3700000000001,4,4,4,Champion
17705,3,9,1823.5200000000002,5,5,4,Champion
16169,8,4,1822.9700000000003,5,4,4,Champion
17828,23,4,1820.0900000000001,4,4,4,Champion
17629,6,8,1814.1200000000001,5,5,4,Champion
15260,100,7,1810.7700000000004,2,5,4,At risk
17663,26,7,1802.9100000000003,4,5,4,Champion
15812,107,5,1801.14,2,4,4,At risk
13562,82,3,1799.33,2,3,4,At risk
13196,11,4,1797.7800000000002,5,4,4,Champion
17750,5,9,1797.5700000000002,5,5,4,Champion
12348,75,4,1797.2400000000002,2,4,4,At risk
13134,86,4,1793.58,2,4,4,At risk
18179,9,6,1793.1699999999998,5,5,4,Champion
13510,1,4,1791.56,5,4,4,Champion
16719,15,7,1790.42,4,5,4,Champion
12523,19,11,1789.77,4,5,4,Champion
14215,12,6,1789.72,5,5,4,Champion
14621,1,5,1788.3600000000004,5,4,4,Champion
14608,4,4,1785.15,5,4,4,Champion
17754,1,5,1772.26,5,4,4,Champion
15594,16,5,1771.7800000000004,4,4,4,Champion
15473,14,7,1771.2,4,5,4,Champion
17813,14,5,1770.88,4,4,4,Champion
16681,73,6,1770.3400000000001,2,5,4,At risk
13456,18,6,1766.7200000000003,4,5,4,Champion
15950,32,4,1765.51,4,4,4,Champion
12424,163,2,1760.9599999999996,2,2,4,At risk
12823,75,5,1759.5,2,4,4,At risk
16359,7,9,1750.92,5,5,4,Champion
13564,144,3,1749.02,2,3,4,At risk
13808,6,5,1747.6600000000003,5,4,4,Champion
15067,78,3,1744.76,2,3,4,At risk
14595,20,6,1740.6,4,5,4,Champion
17353,129,2,1740.0,2,3,4,At risk
17457,127,5,1737.7,2,4,4,At risk
14673,3,5,1736.3999999999999,5,4,4,Champion
17043,32,4,1735.1800000000003,4,4,4,Champion
16791,29,7,1721.7800000000002,4,5,4,Champion
17451,1,7,1721.4000000000003,5,5,4,Champion
14834,18,6,1720.3000000000002,4,5,4,Champion
15267,22,5,1717.36,4,4,4,Champion
17162,29,10,1715.46,4,5,4,Champion
17147,23,4,1714.5900000000001,4,4,4,Champion
14441,1,4,1712.89,5,4,4,Champion
15947,83,1,1708.2400000000002,2,2,4,At risk
16902,116,1,1706.88,2,2,4,At risk
16398,154,2,1705.8000000000002,2,3,4,At risk
17282,130,3,1703.41,2,4,4,At risk
13184,15,10,1701.2900000000004,4,5,4,Champion
13824,33,5,1698.9400000000003,4,4,4,Champion
16775,10,11,1695.6600000000003,5,5,4,Champion
14245,220,2,1693.4500000000003,1,3,4,At risk
15549,77,3,1693.26,2,3,4,At risk
16813,8,10,1692.98,5,5,4,Champion
16671,28,3,1692.27,4,4,4,Champion
15380,9,5,1690.2600000000007,5,4,4,Champion
17152,195,3,1689.4999999999998,1,4,4,At risk
12635,90,2,1689.18,2,2,4,At risk
13162,122,4,1688.2899999999997,2,4,4,At risk
13577,25,4,1687.6000000000001,4,4,4,Champion
16638,23,10,1680.72,4,5,4,Champion
13647,10,4,1678.1200000000003,5,4,4,Champion
13149,14,4,1676.0600000000004,4,4,4,Champion
17656,73,5,1674.69,2,4,4,At risk
16115,10,8,1667.97,5,5,4,Champion
12912,3,5,1662.3,5,4,4,Champion
13012,9,8,1661.8400000000001,5,5,4,Champion
15214,2,8,1661.44,5,5,4,Champion
15024,10,10,1661.33,5,5,4,Champion
15332,366,4,1661.0600000000004,1,4,4,At risk
12967,358,2,1660.9,1,2,4,At risk
14045,109,4,1659.75,2,4,4,At risk
15953,15,8,1659.3799999999999,4,5,4,Champion
14573,180,9,1653.42,1,5,4,At risk
16711,3,5,1651.0299999999997,5,4,4,Champion
14837,90,4,1649.5,2,4,4,At risk
12657,11,4,1643.18,5,4,4,Champion
15002,116,4,1641.7600000000002,2,4,4,At risk
15122,114,3,1633.7800000000002,2,3,4,At risk
17673,2,6,1629.12,5,5,4,Champion
12377,315,2,1628.1200000000001,1,2,4,At risk
16987,3,7,1625.0500000000002,5,5,4,Champion
13425,108,3,1624.2100000000005,2,3,4,At risk
15172,9,5,1624.0500000000004,5,4,4,Champion
17101,10,4,1621.7300000000002,5,4,4,Champion
14178,9,7,1620.9300000000003,5,5,4,Champion
16801,163,4,1619.7300000000002,2,4,4,At risk
18161,15,5,1618.69,4,4,4,Champion
14336,17,4,1614.9099999999999,4,4,4,Champion
16992,11,5,1614.31,5,4,4,Champion
13614,24,4,1610.46,4,4,4,Champion
14918,116,2,1610.15,2,3,4,At risk
12868,186,6,1607.0600000000002,1,5,4,At risk
16817,3,9,1604.7500000000005,5,5,4,Champion
12947,144,6,1603.99,2,5,4,At risk
14719,2,5,1602.13,5,4,4,Champion
14587,19,9,1601.14,4,5,4,Champion
15660,25,9,1600.86,4,5,4,Champion
16496,9,3,1599.5200000000002,5,4,4,Champion
16332,28,7,1593.2000000000003,4,5,4,Champion
15611,10,13,1591.4500000000003,5,5,4,Champion
18178,129,4,1590.8100000000002,2,4,4,At risk
14442,205,2,1589.8200000000002,1,3,4,At risk
15532,25,4,1580.93,4,4,4,Champion
13814,92,2,1579.12,2,2,4,At risk
16889,195,3,1578.67,1,4,4,At risk
13634,33,5,1575.16,4,4,4,Champion
13659,206,2,1573.1999999999998,1,2,4,At risk
17671,16,4,1572.71,4,4,4,Champion
16283,6,5,1570.81,5,4,4,Champion
15906,20,7,1567.69,4,5,4,Champion
17085,123,5,1566.65,2,4,4,At risk
17204,175,4,1564.56,2,4,4,At risk
18239,219,5,1561.6100000000001,1,4,4,At risk
14038,78,3,1560.3799999999999,2,3,4,At risk
13313,22,5,1555.3199999999997,4,4,4,Champion
16369,18,3,1553.6599999999999,4,4,4,Champion
15117,15,5,1551.7800000000002,4,4,4,Champion
13320,78,4,1548.7,2,4,4,At risk
14704,11,9,1546.9100000000003,5,5,4,Champion
16790,4,6,1545.6200000000001,5,5,4,Champion
13397,73,5,1544.13,2,4,4,At risk
15701,2,4,1542.1400000000003,5,4,4,Champion
16365,18,9,1540.42,4,5,4,Champion
17159,22,3,1538.88,4,4,4,Champion
12877,4,12,1535.7700000000002,5,5,4,Champion
15392,5,4,1535.53,5,4,4,Champion
15625,104,4,1534.26,2,4,4,At risk
14321,11,5,1530.7500000000002,5,4,4,Champion
15916,16,8,1528.0900000000001,4,5,4,Champion
16244,212,2,1522.7500000000002,1,3,4,At risk
16434,29,7,1522.2500000000002,4,5,4,Champion
16066,17,5,1521.87,4,4,4,Champion
16880,31,7,1519.08,4,5,4,Champion
14267,163,3,1516.2399999999998,2,3,4,At risk
13791,128,2,1516.0,2,2,4,At risk
16748,18,5,1515.9,4,4,4,Champion
16910,4,8,1510.06,5,5,4,Champion
16279,21,3,1509.58,4,4,4,Champion
16016,3,8,1508.7600000000002,5,5,4,Champion
15265,151,2,1506.1200000000001,2,3,4,At risk
12937,15,4,1504.27,4,4,4,Champion
15530,22,4,1502.3500000000001,4,4,4,Champion
16762,20,3,1501.38,4,4,4,Champion
14414,92,7,1496.9799999999998,2,5,4,At risk
16755,114,3,1496.83,2,4,4,At risk
17002,86,3,1493.73,2,4,4,At risk
15057,275,2,1489.5,1,3,4,At risk
13110,31,7,1488.67,4,5,4,Champion
14963,10,5,1487.8000000000002,5,4,4,Champion
17553,130,1,1487.6,2,2,4,At risk
14878,13,9,1485.54,5,5,4,Champion
14758,145,4,1484.0600000000004,2,4,4,At risk
18016,32,5,1483.5600000000002,4,4,4,Champion
17590,2,3,1479.2200000000003,5,4,4,Champion
14403,130,4,1475.81,2,4,4,At risk
15983,22,4,1475.02,4,4,4,Champion
12826,3,7,1474.72,5,5,4,Champion
14246,111,3,1474.06,2,3,4,At risk
16348,32,7,1469.45,4,5,4,Champion
14875,108,2,1465.3200000000002,2,3,4,At risk
17063,21,7,1461.14,4,5,4,Champion
16996,30,6,1456.96,4,5,4,Champion
13309,7,5,1456.7900000000002,5,4,4,Champion
15987,12,7,1451.2800000000002,5,5,4,Champion
14740,197,3,1448.2099999999998,1,3,4,At risk
15426,19,5,1447.3899999999999,4,4,4,Champion
14591,15,4,1447.1400000000003,4,4,4,Champion
17073,18,4,1446.0900000000001,4,4,4,Champion
13717,32,6,1445.0100000000002,4,5,4,Champion
15858,16,5,1438.85,4,4,4,Champion
14071,4,8,1438.82,5,5,4,Champion
13159,9,4,1437.85,5,4,4,Champion
16503,107,4,1431.9300000000003,2,4,4,At risk
13475,191,4,1431.7800000000004,1,4,4,At risk
16103,7,6,1429.64,5,5,4,Champion
16271,3,5,1429.2400000000002,5,4,4,Champion
14035,29,5,1428.02,4,4,4,Champion
15681,25,5,1426.16,4,4,4,Champion
15106,18,5,1422.5200000000002,4,4,4,Champion
16463,21,4,1422.3999999999999,4,4,4,Champion
16571,27,3,1421.6899999999998,4,4,4,Champion
14901,11,9,1421.29,5,5,4,Champion
17288,9,7,1419.7300000000002,5,5,4,Champion
16173,16,6,1418.3200000000004,4,5,4,Champion
17856,2,4,1418.03,5,4,4,Champion
14649,5,4,1417.2900000000002,5,4,4,Champion
14748,29,5,1415.75,4,4,4,Champion
16245,24,3,1413.66,4,4,4,Champion
15237,2,4,1412.32,5,4,4,Champion
15596,101,5,1406.5900000000001,2,4,4,At risk
17083,109,3,1405.78,2,4,4,At risk
15563,22,4,1400.44,4,4,4,Champion
14741,12,6,1400.3400000000001,5,5,4,Champion
18202,200,3,1396.9900000000002,1,4,4,At risk
13995,15,5,1393.6900000000003,4,4,4,Champion
15810,79,4,1391.98,2,4,4,At risk
13414,134,3,1390.5,2,3,4,At risk
15898,1,5,1388.88,5,4,4,Champion
16539,3,4,1388.81,5,4,4,Champion
15453,2,7,1388.3700000000001,5,5,4,Champion
15134,15,8,1387.9899999999998,4,5,4,Champion
12952,6,4,1387.7900000000004,5,4,4,Champion
17676,4,6,1387.6799999999998,5,5,4,Champion
12775,17,5,1386.04,4,4,4,Champion
18167,23,3,1384.8600000000004,4,4,4,Champion
17311,78,2,1384.85,2,3,4,At risk
14507,24,6,1383.18,4,5,4,Champion
14116,20,5,1382.74,4,4,4,Champion
16726,26,5,1382.0200000000002,4,4,4,Champion
17621,21,3,1379.8999999999999,4,4,4,Champion
15569,104,5,1375.71,2,4,4,At risk
16669,24,3,1374.8700000000001,4,4,4,Champion
14434,22,6,1372.7999999999997,4,5,4,Champion
15095,104,4,1370.6000000000004,2,4,4,At risk
14897,8,4,1366.3799999999999,5,4,4,Champion
14102,5,5,1360.2800000000002,5,4,4,Champion
15411,26,4,1358.8800000000003,4,4,4,Champion
13232,13,7,1357.6000000000004,5,5,4,Champion
17054,28,5,1356.3300000000002,4,4,4,Champion
14859,13,4,1353.74,5,4,4,Champion
14064,29,5,1353.7399999999998,4,4,4,Champion
15116,18,4,1352.75,4,4,4,Champion
16079,17,3,1352.0000000000002,4,4,4,Champion
16493,80,4,1351.63,2,4,4,At risk
14154,239,2,1345.6200000000001,1,3,4,At risk
16317,120,3,1341.65,2,4,4,At risk
13743,3,7,1341.5999999999997,5,5,4,Champion
18177,31,6,1341.42,4,5,4,Champion
16045,120,4,1340.7,2,4,4,At risk
15734,115,2,1339.45,2,3,4,At risk
12919,8,6,1335.19,5,5,4,Champion
17932,29,3,1331.57,4,4,4,Champion
12676,25,6,1331.39,4,5,4,Champion
16295,10,4,1328.55,5,4,4,Champion
15146,165,2,1327.1599999999999,2,3,4,At risk
17633,31,4,1324.8400000000004,4,4,4,Champion
12854,79,3,1324.5,2,3,4,At risk
17095,23,3,1324.16,4,4,4,Champion
16370,82,4,1320.5600000000002,2,4,4,At risk
14794,3,7,1319.9099999999999,5,5,4,Champion
16083,101,2,1317.6200000000001,2,3,4,At risk
14511,11,5,1314.8100000000002,5,4,4,Champion
16464,20,3,1314.6800000000003,4,4,4,Champion
14973,107,3,1314.45,2,3,4,At risk
12364,8,4,1313.1,5,4,4,Champion
12516,78,2,1312.06,2,2,4,At risk
14477,20,4,1309.6000000000001,4,4,4,Champion
14047,9,5,1308.6100000000001,5,4,4,Champion
14297,18,4,1305.3299999999995,4,4,4,Champion
12507,134,3,1304.81,2,3,4,At risk
16744,11,7,1304.7600000000002,5,5,4,Champion
17919,88,1,1304.04,2,2,4,At risk
15813,208,2,1303.9099999999999,1,3,4,At risk
14898,23,6,1303.5200000000002,4,5,4,Champion
15108,142,4,1300.25,2,4,4,At risk
15602,8,9,1297.8700000000001,5,5,4,Champion
17961,21,39,1296.44,4,5,4,Champion
16929,4,7,1295.39,5,5,4,Champion
15621,4,4,1293.0299999999997,5,4,4,Champion
15136,3,4,1286.6999999999996,5,4,4,Champion
16949,4,6,1286.27,5,5,4,Champion
17350,8,4,1286.07,5,4,4,Champion
17802,82,3,1285.04,2,4,4,At risk
16899,8,6,1281.5600000000004,5,5,4,Champion
16951,135,3,1277.7500000000002,2,4,4,At risk
16692,256,2,1276.0,1,3,4,At risk
17019,11,4,1272.61,5,4,4,Champion
14669,242,3,1269.99,1,3,4,At risk
13492,136,3,1269.84,2,3,4,At risk
16660,16,4,1267.65,4,4,4,Champion
17037,88,1,1267.3199999999997,2,2,4,At risk
17158,32,3,1266.9699999999998,4,4,4,Champion
16842,101,3,1264.1900000000003,2,4,4,At risk
16688,1,4,1260.8599999999997,5,4,4,Champion
17388,78,4,1259.5600000000004,2,4,4,At risk
17412,3,7,1258.06,5,5,4,Champion
14931,5,5,1257.68,5,4,4,Champion
16639,31,3,1257.5100000000002,4,4,4,Champion
17481,4,4,1255.5900000000001,5,4,4,Champion
13848,92,3,1255.0,2,3,4,At risk
14698,2,5,1250.7600000000002,5,4,4,Champion
12494,16,7,1246.1,4,5,4,Champion
13860,1,5,1245.9,5,4,4,Champion
14428,7,5,1244.8300000000002,5,4,4,Champion
16531,22,7,1244.5900000000001,4,5,4,Champion
17588,100,3,1240.2000000000003,2,4,4,At risk
17731,79,4,1240.1100000000004,2,4,4,At risk
13476,179,2,1238.47,2,2,4,At risk
13931,96,2,1237.53,2,2,4,At risk
15201,87,5,1236.54,2,4,4,At risk
14684,26,5,1236.2800000000002,4,4,4,Champion
15910,1,8,1232.18,5,5,4,Champion
12997,22,4,1226.8899999999999,4,4,4,Champion
12412,75,3,1226.8799999999999,2,3,4,At risk
17774,97,4,1225.41,2,4,4,At risk
15841,73,4,1224.0600000000002,2,4,4,At risk
16794,1,10,1222.71,5,5,4,Champion
14745,113,5,1220.26,2,4,4,At risk
17410,16,5,1214.72,4,4,4,Champion
13055,78,3,1214.4100000000003,2,3,4,At risk
18263,26,3,1213.1599999999999,4,4,4,Champion
12464,10,8,1212.0499999999997,5,5,4,Champion
15737,15,8,1205.12,4,5,4,Champion
13158,95,4,1201.06,2,4,4,At risk
17320,100,3,1200.6200000000001,2,4,4,At risk
13118,20,5,1197.8100000000002,4,4,4,Champion
16042,22,5,1197.27,4,4,4,Champion
17867,30,6,1197.1000000000001,4,5,4,Champion
14487,27,6,1196.33,4,5,4,Champion
17720,26,4,1195.94,4,4,4,Champion
17526,5,4,1195.9,5,4,4,Champion
15145,4,4,1194.73,5,4,4,Champion
13882,3,5,1191.13,5,4,4,Champion
16612,33,4,1187.66,4,4,4,Champion
13752,124,6,1186.28,2,5,4,At risk
17058,82,3,1179.8899999999996,2,4,4,At risk
13611,89,3,1171.8000000000002,2,3,4,At risk
18168,176,6,1169.9399999999998,2,5,4,At risk
14447,19,5,1163.23,4,4,4,Champion
16714,219,3,1161.53,1,4,4,At risk
17348,15,5,1159.5200000000002,4,4,4,Champion
13499,18,5,1159.1100000000001,4,4,4,Champion
14723,10,6,1158.3000000000002,5,5,4,Champion
13744,95,2,1156.36,2,2,4,At risk
16637,32,4,1154.4700000000005,4,4,4,Champion
16062,10,4,1153.62,5,4,4,Champion
12710,97,3,1149.02,2,3,4,At risk
17505,162,2,1145.8400000000001,2,3,4,At risk
16766,273,2,1145.6000000000001,1,3,4,At risk
17770,199,5,1143.27,1,4,4,At risk
18125,30,4,1142.99,4,4,4,Champion
15985,123,2,1142.4200000000003,2,3,4,At risk
16270,353,1,1141.24,1,2,4,At risk
13330,93,3,1140.93,2,3,4,At risk
13819,302,3,1140.35,1,3,4,At risk
16172,95,5,1140.2100000000003,2,4,4,At risk
17135,16,7,1139.73,4,5,4,Champion
17500,17,3,1138.0,4,4,4,Champion
17302,15,5,1135.63,4,4,4,Champion
17242,108,2,1135.04,2,3,4,At risk
16989,7,6,1133.25,5,5,4,Champion
17585,109,4,1133.0700000000002,2,4,4,At risk
13610,12,7,1131.88,5,5,4,Champion
15500,8,4,1131.5600000000004,5,4,4,Champion
14824,10,4,1127.71,5,4,4,Champion
12609,78,3,1126.85,2,3,4,At risk
14129,2,5,1123.86,5,4,4,Champion
13486,78,3,1122.4100000000003,2,3,4,At risk
17562,14,7,1122.3799999999999,4,5,4,Champion
16807,143,3,1121.59,2,4,4,At risk
14276,99,3,1119.7399999999998,2,3,4,At risk
13064,13,4,1119.4900000000002,5,4,4,Champion
15716,146,4,1118.8100000000004,2,4,4,At risk
17788,74,2,1117.9,2,3,4,At risk
16350,21,4,1116.47,4,4,4,Champion
14161,216,3,1110.5200000000002,1,3,4,At risk
14817,200,2,1110.34,1,3,4,At risk
12399,119,4,1108.65,2,4,4,At risk
15933,21,3,1107.4600000000003,4,4,4,Champion
16833,1,4,1106.5299999999997,5,4,4,Champion
12857,211,2,1106.3999999999999,1,2,4,At risk
14410,92,9,1105.07,2,5,4,At risk
14948,23,6,1101.97,4,5,4,Champion
17047,85,3,1100.9,2,4,4,At risk
14744,16,7,1099.98,4,5,4,Champion
15978,77,1,1098.78,2,2,4,At risk
13104,3,6,1098.48,5,5,4,Champion
16533,19,3,1095.56,4,4,4,Champion
15745,19,4,1094.5900000000001,4,4,4,Champion
15608,28,4,1093.6800000000003,4,4,4,Champion
18189,78,2,1090.24,2,3,4,At risk
17041,27,3,1081.5700000000002,4,4,4,Champion
14561,76,3,1080.76,2,3,4,At risk
13715,281,5,1079.3400000000001,1,4,4,At risk
16980,255,2,1078.9600000000003,1,3,4,At risk
14352,157,4,1078.96,2,4,4,At risk
16094,12,4,1078.23,5,4,4,Champion
15712,9,5,1072.3600000000001,5,4,4,Champion
17522,2,5,1070.71,5,4,4,Champion
15027,31,4,1066.15,4,4,4,Champion
17277,228,2,1065.3500000000001,1,3,4,At risk
17287,26,7,1064.1100000000001,4,5,4,Champion
12951,9,6,1064.0700000000002,5,5,4,Champion
12936,17,4,1063.9,4,4,4,Champion
12815,148,2,1063.46,2,2,4,At risk
16214,171,3,1062.7500000000002,2,4,4,At risk
15996,88,6,1060.68,2,5,4,At risk
18130,15,3,1059.3900000000003,4,4,4,Champion
14465,247,3,1058.6200000000001,1,3,4,At risk
14419,11,6,1058.0600000000002,5,5,4,Champion
14583,6,5,1052.5500000000002,5,4,4,Champion
16416,27,3,1051.4,4,4,4,Champion
14224,110,4,1050.1200000000001,2,4,4,At risk
14078,102,6,1049.37,2,5,4,At risk
15839,33,3,1048.49,4,4,4,Champion
15777,241,4,1047.11,1,4,4,At risk
16520,186,3,1046.5700000000002,1,4,4,At risk
14293,3,4,1046.56,5,4,4,Champion
17042,3,5,1044.38,5,4,4,Champion
15192,120,3,1044.3200000000002,2,3,4,At risk
14584,169,4,1042.26,2,4,4,At risk
13719,15,5,1041.68,4,4,4,Champion
18221,22,5,1041.6100000000001,4,4,4,Champion
15434,8,5,1041.48,5,4,4,Champion
14446,1,4,1039.58,5,4,4,Champion
16320,172,2,1038.46,2,3,4,At risk
16175,94,4,1037.5900000000001,2,4,4,At risk
12691,28,6,1035.8,4,5,4,Champion
12599,29,7,1032.58,4,5,4,Champion
17405,1,3,1031.41,5,4,4,Champion
12724,5,4,1031.4099999999999,5,4,4,Champion
12717,151,2,1030.98,2,2,4,At risk
13253,157,2,1030.4,2,2,4,At risk
17033,86,3,1030.1399999999999,2,4,4,At risk
16682,5,5,1028.0,5,4,4,Champion
15104,197,2,1027.44,1,3,4,At risk
13956,5,5,1026.42,5,4,4,Champion
15658,190,5,1024.1,1,4,4,At risk
17096,15,4,1022.1300000000001,4,4,4,Champion
14346,121,2,1021.58,2,3,4,At risk
13376,99,3,1019.76,2,3,4,At risk
18142,157,2,1019.5200000000002,2,3,4,At risk
12828,3,6,1018.7100000000002,5,5,4,Champion
14083,4,9,1018.4300000000002,5,5,4,Champion
12739,78,2,1013.04,2,2,4,At risk
14195,202,2,1011.9999999999998,1,3,4,At risk
16229,87,2,1010.6000000000001,2,3,4,At risk
16572,127,3,1009.6000000000001,2,4,4,At risk
16174,126,3,1009.5500000000002,2,4,4,At risk
17646,219,3,1008.3899999999999,1,4,4,At risk
13429,11,4,1006.8,5,4,4,Champion
17126,152,5,1004.75,2,4,4,At risk
14214,31,5,1004.38,4,4,4,Champion
13410,24,5,1003.06,4,4,4,Champion
12545,75,2,1000.3900000000001,2,2,4,At risk
15508,189,6,1000.27,1,5,4,At risk
18143,117,2,1000.1599999999999,2,3,4,At risk
12722,85,4,997.63,2,4,4,At risk
15110,24,4,996.1000000000001,4,4,4,Champion
17594,85,2,993.1800000000001,2,3,4,At risk
16009,22,4,992.7099999999999,4,4,4,Champion
14223,92,3,991.1300000000001,2,3,4,At risk
17324,18,4,990.23,4,4,4,Champion
18237,3,5,987.0999999999999,5,4,4,Champion
13117,22,8,984.91,4,5,4,Champion
12510,143,2,982.5699999999999,2,2,4,At risk
15133,128,3,982.42,2,3,4,At risk
15071,94,2,982.0700000000002,2,3,4,At risk
16907,29,5,981.6500000000001,4,4,4,Champion
16085,23,5,981.5100000000002,4,4,4,Champion
18170,33,3,980.3100000000001,4,4,4,Champion
13509,9,7,979.72,5,5,4,Champion
15132,18,5,977.9300000000001,4,4,4,Champion
14920,213,2,977.77,1,3,4,At risk
13026,1,5,975.3599999999999,5,4,4,Champion
14522,24,4,974.54,4,4,4,Champion
18194,82,1,973.8399999999999,2,2,4,At risk
16419,113,6,972.23,2,5,4,At risk
13155,33,4,971.76,4,4,4,Champion
17618,6,3,971.5799999999999,5,4,4,Champion
14256,260,2,969.0600000000001,1,3,4,At risk
15907,4,3,967.45,5,4,4,Champion
15793,15,3,965.6100000000001,4,4,4,Champion
13138,22,6,962.3899999999998,4,5,4,Champion
14006,116,3,962.19,2,3,4,At risk
17097,2,8,954.4200000000001,5,5,4,Champion
16511,22,3,950.26,4,4,4,Champion
13748,96,5,948.25,2,4,4,At risk
15787,26,3,948.05,4,4,4,Champion
17289,32,3,944.4100000000002,4,4,4,Champion
13261,269,2,944.1,1,2,4,At risk
12820,3,4,942.3399999999999,5,4,4,Champion
