InvoiceNo,StockCode,Description,Quantity,InvoiceDate,UnitPrice,CustomerID,Country
536545,21134,,1,2010-12-01 14:32:00,0.0,,United Kingdom
536546,22145,,1,2010-12-01 14:33:00,0.0,,United Kingdom
536547,37509,,1,2010-12-01 14:33:00,0.0,,United Kingdom
536549,85226A,,1,2010-12-01 14:34:00,0.0,,United Kingdom
536550,85044,,1,2010-12-01 14:34:00,0.0,,United Kingdom
536552,20950,,1,2010-12-01 14:34:00,0.0,,United Kingdom
537439,37474,,1,2010-12-06 17:01:00,0.0,,United Kingdom
537534,85064,CREAM SWEETHEART LETTER RACK,1,2010-12-07 11:48:00,0.0,,United Kingdom
537534,84832,ZINC WILLIE WINKIE  CANDLE STICK,1,2010-12-07 11:48:00,0.0,,United Kingdom
537534,48111,DOORMAT 3 SMILEY CATS,1,2010-12-07 11:48:00,0.0,,United Kingdom
537534,22697,GREEN REGENCY TEACUP AND SAUCER,1,2010-12-07 11:48:00,0.0,,United Kingdom
537534,22682,FRENCH BLUE METAL DOOR SIGN 7,1,2010-12-07 11:48:00,0.0,,United Kingdom
537534,22680,FRENCH BLUE METAL DOOR SIGN 5,1,2010-12-07 11:48:00,0.0,,United Kingdom
537534,22625,RED KITCHEN SCALES,1,2010-12-07 11:48:00,0.0,,United Kingdom
537534,22619,SET OF 6 SOLDIER SKITTLES,1,2010-12-07 11:48:00,0.0,,United Kingdom
537534,22520,CHILDS GARDEN TROWEL BLUE ,1,2010-12-07 11:48:00,0.0,,United Kingdom
537534,22476,EMPIRE UNION JACK TV DINNER TRAY,1,2010-12-07 11:48:00,0.0,,United Kingdom
537534,22473,TV DINNER TRAY VINTAGE PAISLEY,1,2010-12-07 11:48:00,0.0,,United Kingdom
537534,22474,SPACEBOY TV DINNER TRAY,1,2010-12-07 11:48:00,0.0,,United Kingdom
537534,22472,TV DINNER TRAY DOLLY GIRL,1,2010-12-07 11:48:00,0.0,,United Kingdom
537534,22520,CHILDS GARDEN TROWEL BLUE ,1,2010-12-07 11:48:00,0.0,,United Kingdom
537534,22514,CHILDS GARDEN SPADE BLUE,1,2010-12-07 11:48:00,0.0,,United Kingdom
537534,22516,CHILDS GARDEN RAKE BLUE,1,2010-12-07 11:48:00,0.0,,United Kingdom
537534,22432,WATERING CAN PINK BUNNY,1,2010-12-07 11:48:00,0.0,,United Kingdom
537534,22427,ENAMEL FLOWER JUG CREAM,1,2010-12-07 11:48:00,0.0,,United Kingdom
537534,22376,AIRLINE BAG VINTAGE JET SET WHITE,1,2010-12-07 11:48:00,0.0,,United Kingdom
537534,22375,AIRLINE BAG VINTAGE JET SET BROWN,1,2010-12-07 11:48:00,0.0,,United Kingdom
537534,22372,AIRLINE BAG VINTAGE WORLD CHAMPION ,1,2010-12-07 11:48:00,0.0,,United Kingdom
537534,22620,4 TRADITIONAL SPINNING TOPS,1,2010-12-07 11:48:00,0.0,,United Kingdom
537534,22624,IVORY KITCHEN SCALES,1,2010-12-07 11:48:00,0.0,,United Kingdom
537534,22109,FULL ENGLISH BREAKFAST PLATE,1,2010-12-07 11:48:00,0.0,,United Kingdom
537534,22367,CHILDRENS APRON SPACEBOY DESIGN,1,2010-12-07 11:48:00,0.0,,United Kingdom
537534,22366,DOORMAT AIRMAIL ,1,2010-12-07 11:48:00,0.0,,United Kingdom
537534,22364,GLASS JAR DIGESTIVE BISCUITS,1,2010-12-07 11:48:00,0.0,,United Kingdom
537534,22360,GLASS JAR ENGLISH CONFECTIONERY,1,2010-12-07 11:48:00,0.0,,United Kingdom
537534,22359,GLASS JAR KINGS CHOICE,1,2010-12-07 11:48:00,0.0,,United Kingdom
537534,22353,LUNCH BOX WITH CUTLERY FAIRY CAKES ,1,2010-12-07 11:48:00,0.0,,United Kingdom
537534,22350,ILLUSTRATED CAT BOWL ,1,2010-12-07 11:48:00,0.0,,United Kingdom
537534,22327,ROUND SNACK BOXES SET OF 4 SKULLS,1,2010-12-07 11:48:00,0.0,,United Kingdom
537534,21116,OWL DOORSTOP,1,2010-12-07 11:48:00,0.0,,United Kingdom
537534,22550,HOLIDAY FUN LUDO,1,2010-12-07 11:48:00,0.0,,United Kingdom
537534,21912,VINTAGE SNAKES & LADDERS,1,2010-12-07 11:48:00,0.0,,United Kingdom
537534,21891,TRADITIONAL WOODEN SKIPPING ROPE,1,2010-12-07 11:48:00,0.0,,United Kingdom
537534,21559,STRAWBERRY LUNCH BOX WITH CUTLERY,1,2010-12-07 11:48:00,0.0,,United Kingdom
537534,20726,LUNCH BAG WOODLAND,1,2010-12-07 11:48:00,0.0,,United Kingdom
537534,20652,BLUE POLKADOT LUGGAGE TAG ,1,2010-12-07 11:48:00,0.0,,United Kingdom
537534,20615,BLUE POLKADOT PASSPORT COVER,1,2010-12-07 11:48:00,0.0,,United Kingdom
537640,21232,STRAWBERRY CERAMIC TRINKET BOX,1,2010-12-07 15:31:00,0.0,,United Kingdom
537872,21595,,1,2010-12-08 18:07:00,0.0,,United Kingdom
537873,37461,,1,2010-12-08 18:07:00,0.0,,United Kingdom
537874,85170A,,1,2010-12-08 18:07:00,0.0,,United Kingdom
537875,20849,,1,2010-12-08 18:08:00,0.0,,United Kingdom
537877,21661,,1,2010-12-08 18:08:00,0.0,,United Kingdom
537878,72803B,,1,2010-12-08 18:09:00,0.0,,United Kingdom
538071,22585,PACK OF 6 BIRDY GIFT TAGS,1,2010-12-09 14:09:00,0.0,,United Kingdom
538142,84247C,,1,2010-12-09 15:58:00,0.0,,United Kingdom
538143,84534B,,1,2010-12-09 15:58:00,0.0,,United Kingdom
538144,90042B,,1,2010-12-09 15:58:00,0.0,,United Kingdom
538360,35004P,,1,2010-12-10 16:29:00,0.0,,United Kingdom
538877,21479,WHITE SKULL HOT WATER BOTTLE ,1,2010-12-14 15:29:00,0.0,,United Kingdom
538877,22112,CHOCOLATE HOT WATER BOTTLE,1,2010-12-14 15:29:00,0.0,,United Kingdom
538877,22356,CHARLOTTE BAG PINK POLKADOT,1,2010-12-14 15:29:00,0.0,,United Kingdom
539583,35400,,1,2010-12-20 12:53:00,0.0,,United Kingdom
539584,21491,,1,2010-12-20 12:54:00,0.0,,United Kingdom
539585,21009,,1,2010-12-20 12:54:00,0.0,,United Kingdom
539638,22139,,1,2010-12-20 15:23:00,0.0,,United Kingdom
539750,22114,HOT WATER BOTTLE TEA AND SYMPATHY,1,2010-12-21 15:40:00,0.0,,United Kingdom
539750,22652,TRAVEL SEWING KIT,1,2010-12-21 15:40:00,0.0,,United Kingdom
539750,21481,FAWN BLUE HOT WATER BOTTLE,1,2010-12-21 15:40:00,0.0,,United Kingdom
539856,22444,GROW YOUR OWN PLANT IN A CAN ,1,2010-12-22 14:41:00,0.0,,United Kingdom
539856,85123A,WHITE HANGING HEART T-LIGHT HOLDER,1,2010-12-22 14:41:00,0.0,,United Kingdom
539856,84968E,SET OF 16 VINTAGE BLACK CUTLERY,1,2010-12-22 14:41:00,0.0,,United Kingdom
539856,22518,CHILDS GARDEN BRUSH BLUE,1,2010-12-22 14:41:00,0.0,,United Kingdom
539856,79321,CHILLI LIGHTS,1,2010-12-22 14:41:00,0.0,,United Kingdom
539856,37333,"RETRO ""TEA FOR ONE"" ",1,2010-12-22 14:41:00,0.0,,United Kingdom
539856,22843,BISCUIT TIN VINTAGE GREEN,1,2010-12-22 14:41:00,0.0,,United Kingdom
539856,22842,BISCUIT TIN VINTAGE RED,1,2010-12-22 14:41:00,0.0,,United Kingdom
539856,85099B,JUMBO BAG RED RETROSPOT,1,2010-12-22 14:41:00,0.0,,United Kingdom
539856,22684,FRENCH BLUE METAL DOOR SIGN 9,1,2010-12-22 14:41:00,0.0,,United Kingdom
539856,22681,FRENCH BLUE METAL DOOR SIGN 6,1,2010-12-22 14:41:00,0.0,,United Kingdom
539856,22680,FRENCH BLUE METAL DOOR SIGN 5,1,2010-12-22 14:41:00,0.0,,United Kingdom
539856,22650,CERAMIC PIRATE CHEST MONEY BANK,1,2010-12-22 14:41:00,0.0,,United Kingdom
539856,22647,CERAMIC LOVE HEART MONEY BANK,1,2010-12-22 14:41:00,0.0,,United Kingdom
539856,22619,SET OF 6 SOLDIER SKITTLES,1,2010-12-22 14:41:00,0.0,,United Kingdom
539856,22526,WHEELBARROW FOR CHILDREN ,1,2010-12-22 14:41:00,0.0,,United Kingdom
539856,22524,CHILDRENS GARDEN GLOVES BLUE,1,2010-12-22 14:41:00,0.0,,United Kingdom
539856,22518,CHILDS GARDEN BRUSH BLUE,1,2010-12-22 14:41:00,0.0,,United Kingdom
539856,22514,CHILDS GARDEN SPADE BLUE,1,2010-12-22 14:41:00,0.0,,United Kingdom
539856,22512,DOORSTOP RACING CAR DESIGN,1,2010-12-22 14:41:00,0.0,,United Kingdom
539856,22431,WATERING CAN BLUE ELEPHANT,1,2010-12-22 14:41:00,0.0,,United Kingdom
539856,22372,AIRLINE BAG VINTAGE WORLD CHAMPION ,1,2010-12-22 14:41:00,0.0,,United Kingdom
539856,22360,GLASS JAR ENGLISH CONFECTIONERY,1,2010-12-22 14:41:00,0.0,,United Kingdom
539856,22350,ILLUSTRATED CAT BOWL ,1,2010-12-22 14:41:00,0.0,,United Kingdom
539856,22327,ROUND SNACK BOXES SET OF 4 SKULLS,1,2010-12-22 14:41:00,0.0,,United Kingdom
539856,22072,RED RETROSPOT TEA CUP AND SAUCER ,1,2010-12-22 14:41:00,0.0,,United Kingdom
539856,21912,VINTAGE SNAKES & LADDERS,1,2010-12-22 14:41:00,0.0,,United Kingdom
539856,21791,VINTAGE HEADS AND TAILS CARD GAME ,1,2010-12-22 14:41:00,0.0,,United Kingdom
539856,22550,HOLIDAY FUN LUDO,1,2010-12-22 14:41:00,0.0,,United Kingdom
539856,21116,OWL DOORSTOP,1,2010-12-22 14:41:00,0.0,,United Kingdom
539856,20719,WOODLAND CHARLOTTE BAG,1,2010-12-22 14:41:00,0.0,,United Kingdom
540355,20724,RED RETROSPOT CHARLOTTE BAG,1,2011-01-06 15:11:00,0.0,,United Kingdom
540356,20724,RED RETROSPOT CHARLOTTE BAG,1,2011-01-06 15:12:00,0.0,,United Kingdom
540677,21667,,1,2011-01-10 16:20:00,0.0,,United Kingdom
540693,82605,,1,2011-01-11 09:13:00,0.0,,United Kingdom
540694,71477,,1,2011-01-11 09:13:00,0.0,,United Kingdom
540695,21661,,1,2011-01-11 09:14:00,0.0,,United Kingdom
540696,84562A,,1,2011-01-11 09:14:00,0.0,,United Kingdom
540832,21673,WHITE SPOT BLUE CERAMIC DRAWER KNOB,1,2011-01-11 14:42:00,0.0,,United Kingdom
540832,84692,BOX OF 24 COCKTAIL PARASOLS,1,2011-01-11 14:42:00,0.0,,United Kingdom
540832,20724,RED RETROSPOT CHARLOTTE BAG,1,2011-01-11 14:42:00,0.0,,United Kingdom
540832,22423,REGENCY CAKESTAND 3 TIER,1,2011-01-11 14:42:00,0.0,,United Kingdom
540982,22323,,1,2011-01-12 15:35:00,0.0,,United Kingdom
542363,84823,,1,2011-01-27 12:50:00,0.0,,United Kingdom
542514,22866,,1,2011-01-28 12:08:00,0.0,,United Kingdom
542515,35607A,,1,2011-01-28 12:08:00,0.0,,United Kingdom
543014,47591B,,1,2011-02-02 13:36:00,0.0,,United Kingdom
543238,22833,,1,2011-02-04 13:42:00,0.0,,United Kingdom
543453,21429,,1,2011-02-08 12:15:00,0.0,,United Kingdom
543472,22451,,1,2011-02-08 15:01:00,0.0,,United Kingdom
543473,21661,,1,2011-02-08 15:01:00,0.0,,United Kingdom
544345,22866,,1,2011-02-18 09:49:00,0.0,,United Kingdom
545160,22666,RECIPE BOX PANTRY YELLOW DESIGN,1,2011-02-28 13:31:00,0.0,,United Kingdom
545160,22627,MINT KITCHEN SCALES,1,2011-02-28 13:31:00,0.0,,United Kingdom
545160,22625,RED KITCHEN SCALES,1,2011-02-28 13:31:00,0.0,,United Kingdom
545160,22559,SEASIDE FLYING DISC,1,2011-02-28 13:31:00,0.0,,United Kingdom
545176,22470,HEART OF WICKER LARGE,1,2011-02-28 14:19:00,0.0,,United Kingdom
545176,22371,AIRLINE BAG VINTAGE TOKYO 78,1,2011-02-28 14:19:00,0.0,,United Kingdom
545176,22365,DOORMAT RESPECTABLE HOUSE,1,2011-02-28 14:19:00,0.0,,United Kingdom
545176,22363,GLASS JAR MARMALADE ,1,2011-02-28 14:19:00,0.0,,United Kingdom
545176,22360,GLASS JAR ENGLISH CONFECTIONERY,1,2011-02-28 14:19:00,0.0,,United Kingdom
545176,22364,GLASS JAR DIGESTIVE BISCUITS,1,2011-02-28 14:19:00,0.0,,United Kingdom
545176,22350,ILLUSTRATED CAT BOWL ,1,2011-02-28 14:19:00,0.0,,United Kingdom
545176,22300,COFFEE MUG DOG + BALL DESIGN,1,2011-02-28 14:19:00,0.0,,United Kingdom
545176,22064,PINK DOUGHNUT TRINKET POT ,1,2011-02-28 14:19:00,0.0,,United Kingdom
545176,21888,BINGO SET,1,2011-02-28 14:19:00,0.0,,United Kingdom
545176,20724,RED RETROSPOT CHARLOTTE BAG,1,2011-02-28 14:19:00,0.0,,United Kingdom
545176,20685,DOORMAT RED RETROSPOT,1,2011-02-28 14:19:00,0.0,,United Kingdom
545176,22383,LUNCH BAG SUKI DESIGN ,1,2011-02-28 14:19:00,0.0,,United Kingdom
545176,85099F,JUMBO BAG STRAWBERRY,1,2011-02-28 14:19:00,0.0,,United Kingdom
545176,84968E,SET OF 16 VINTAGE BLACK CUTLERY,1,2011-02-28 14:19:00,0.0,,United Kingdom
545176,84872A,TEATIME FUNKY FLOWER BACKPACK FOR 2,1,2011-02-28 14:19:00,0.0,,United Kingdom
545176,22676,FRENCH BLUE METAL DOOR SIGN 1,1,2011-02-28 14:19:00,0.0,,United Kingdom
545176,21899,"KEY FOB , GARAGE DESIGN",1,2011-02-28 14:19:00,0.0,,United Kingdom
545176,22524,CHILDRENS GARDEN GLOVES BLUE,1,2011-02-28 14:19:00,0.0,,United Kingdom
545176,84692,BOX OF 24 COCKTAIL PARASOLS,1,2011-02-28 14:19:00,0.0,,United Kingdom
545176,79321,CHILLI LIGHTS,1,2011-02-28 14:19:00,0.0,,United Kingdom
545176,22697,GREEN REGENCY TEACUP AND SAUCER,1,2011-02-28 14:19:00,0.0,,United Kingdom
545176,22699,ROSES REGENCY TEACUP AND SAUCER ,1,2011-02-28 14:19:00,0.0,,United Kingdom
545176,22698,PINK REGENCY TEACUP AND SAUCER,1,2011-02-28 14:19:00,0.0,,United Kingdom
545176,22678,FRENCH BLUE METAL DOOR SIGN 3,1,2011-02-28 14:19:00,0.0,,United Kingdom
545176,22677,FRENCH BLUE METAL DOOR SIGN 2,1,2011-02-28 14:19:00,0.0,,United Kingdom
545176,22683,FRENCH BLUE METAL DOOR SIGN 8,1,2011-02-28 14:19:00,0.0,,United Kingdom
545176,22665,RECIPE BOX BLUE SKETCHBOOK DESIGN,1,2011-02-28 14:19:00,0.0,,United Kingdom
545176,22649,STRAWBERRY FAIRY CAKE TEAPOT,1,2011-02-28 14:19:00,0.0,,United Kingdom
545176,22627,MINT KITCHEN SCALES,1,2011-02-28 14:19:00,0.0,,United Kingdom
545176,22619,SET OF 6 SOLDIER SKITTLES,1,2011-02-28 14:19:00,0.0,,United Kingdom
545176,22550,HOLIDAY FUN LUDO,1,2011-02-28 14:19:00,0.0,,United Kingdom
545176,22473,TV DINNER TRAY VINTAGE PAISLEY,1,2011-02-28 14:19:00,0.0,,United Kingdom
546933,85123A,WHITE HANGING HEART T-LIGHT HOLDER,1,2011-03-18 11:02:00,0.0,,United Kingdom
546933,22692,DOORMAT WELCOME TO OUR HOME,1,2011-03-18 11:02:00,0.0,,United Kingdom
546933,22685,FRENCH BLUE METAL DOOR SIGN 0,1,2011-03-18 11:02:00,0.0,,United Kingdom
546933,22627,MINT KITCHEN SCALES,1,2011-03-18 11:02:00,0.0,,United Kingdom
546933,22626,BLACK KITCHEN SCALES,1,2011-03-18 11:02:00,0.0,,United Kingdom
546933,22623,BOX OF VINTAGE JIGSAW BLOCKS ,1,2011-03-18 11:02:00,0.0,,United Kingdom
546933,22521,CHILDS GARDEN TROWEL PINK,1,2011-03-18 11:02:00,0.0,,United Kingdom
546933,22375,AIRLINE BAG VINTAGE JET SET BROWN,1,2011-03-18 11:02:00,0.0,,United Kingdom
546933,22374,AIRLINE BAG VINTAGE JET SET RED,1,2011-03-18 11:02:00,0.0,,United Kingdom
546933,22366,DOORMAT AIRMAIL ,1,2011-03-18 11:02:00,0.0,,United Kingdom
546933,22666,RECIPE BOX PANTRY YELLOW DESIGN,1,2011-03-18 11:02:00,0.0,,United Kingdom
546933,22372,AIRLINE BAG VINTAGE WORLD CHAMPION ,1,2011-03-18 11:02:00,0.0,,United Kingdom
546933,20719,WOODLAND CHARLOTTE BAG,1,2011-03-18 11:02:00,0.0,,United Kingdom
547394,71477,,1,2011-03-22 16:38:00,0.0,,United Kingdom
547395,84977,,1,2011-03-22 16:38:00,0.0,,United Kingdom
547396,79321,CHILLI LIGHTS,1,2011-03-22 16:54:00,0.0,,United Kingdom
547529,21841,,1,2011-03-23 15:05:00,0.0,,United Kingdom
547531,82605,,1,2011-03-23 15:06:00,0.0,,United Kingdom
547532,84227,,1,2011-03-23 15:06:00,0.0,,United Kingdom
547534,90084,,1,2011-03-23 15:06:00,0.0,,United Kingdom
547536,90005A,,1,2011-03-23 15:07:00,0.0,,United Kingdom
547813,84840,,1,2011-03-25 14:11:00,0.0,,United Kingdom
547928,37444B,,1,2011-03-28 14:00:00,0.0,,United Kingdom
547933,21445,,1,2011-03-28 14:02:00,0.0,,United Kingdom
547943,21357,,1,2011-03-28 14:58:00,0.0,,United Kingdom
548221,85049B,,1,2011-03-30 09:47:00,0.0,,United Kingdom
548639,22627,,1,2011-04-01 12:34:00,0.0,,United Kingdom
549100,21484,CHICK GREY HOT WATER BOTTLE,1,2011-04-06 11:14:00,0.0,,United Kingdom
549498,22847,,1,2011-04-08 15:06:00,0.0,,United Kingdom
549500,79321,,1,2011-04-08 15:06:00,0.0,,United Kingdom
549502,84459B,,1,2011-04-08 15:07:00,0.0,,United Kingdom
550927,84990,,1,2011-04-21 14:40:00,0.0,,United Kingdom
550980,21445,,1,2011-04-21 17:31:00,0.0,,United Kingdom
550981,21911,,1,2011-04-21 17:32:00,0.0,,United Kingdom
550984,85008,,1,2011-04-21 17:35:00,0.0,,United Kingdom
551964,20851,,1,2011-05-05 13:13:00,0.0,,United Kingdom
551965,21429,,1,2011-05-05 13:13:00,0.0,,United Kingdom
552220,22202,,1,2011-05-06 15:20:00,0.0,,United Kingdom
552230,20735,BLACK MINI TAPE MEASURE ,1,2011-05-06 15:43:00,0.0,,United Kingdom
552230,22617,BAKING SET SPACEBOY DESIGN,1,2011-05-06 15:43:00,0.0,,United Kingdom
552230,37327,ASSTD MULTICOLOUR CIRCLES MUG,1,2011-05-06 15:43:00,0.0,,United Kingdom
552230,84375,SET OF 20 KIDS COOKIE CUTTERS,1,2011-05-06 15:43:00,0.0,,United Kingdom
552230,84969,BOX OF 6 ASSORTED COLOUR TEASPOONS,1,2011-05-06 15:43:00,0.0,,United Kingdom
552230,DOT,DOTCOM POSTAGE,1,2011-05-06 15:43:00,0.0,,United Kingdom
553163,22726,,1,2011-05-13 16:10:00,0.0,,United Kingdom
553349,22719,,1,2011-05-16 13:31:00,0.0,,United Kingdom
553521,85099F,JUMBO BAG STRAWBERRY,1,2011-05-17 14:35:00,0.0,,United Kingdom
553521,48184,DOORMAT ENGLISH ROSE ,1,2011-05-17 14:35:00,0.0,,United Kingdom
553521,22692,DOORMAT WELCOME TO OUR HOME,1,2011-05-17 14:35:00,0.0,,United Kingdom
553521,22666,RECIPE BOX PANTRY YELLOW DESIGN,1,2011-05-17 14:35:00,0.0,,United Kingdom
553521,22649,STRAWBERRY FAIRY CAKE TEAPOT,1,2011-05-17 14:35:00,0.0,,United Kingdom
553521,22646,CERAMIC STRAWBERRY CAKE MONEY BANK,1,2011-05-17 14:35:00,0.0,,United Kingdom
553521,22644,CERAMIC CHERRY CAKE MONEY BANK,1,2011-05-17 14:35:00,0.0,,United Kingdom
553521,22645,CERAMIC HEART FAIRY CAKE MONEY BANK,1,2011-05-17 14:35:00,0.0,,United Kingdom
553521,22626,BLACK KITCHEN SCALES,1,2011-05-17 14:35:00,0.0,,United Kingdom
553521,22559,SEASIDE FLYING DISC,1,2011-05-17 14:35:00,0.0,,United Kingdom
553521,22524,CHILDRENS GARDEN GLOVES BLUE,1,2011-05-17 14:35:00,0.0,,United Kingdom
553521,22520,CHILDS GARDEN TROWEL BLUE ,1,2011-05-17 14:35:00,0.0,,United Kingdom
553521,22518,CHILDS GARDEN BRUSH BLUE,1,2011-05-17 14:35:00,0.0,,United Kingdom
553521,22519,CHILDS GARDEN BRUSH PINK,1,2011-05-17 14:35:00,0.0,,United Kingdom
553521,22515,CHILDS GARDEN SPADE PINK,1,2011-05-17 14:35:00,0.0,,United Kingdom
553521,22430,ENAMEL WATERING CAN CREAM,1,2011-05-17 14:35:00,0.0,,United Kingdom
553521,22427,ENAMEL FLOWER JUG CREAM,1,2011-05-17 14:35:00,0.0,,United Kingdom
553521,22414,DOORMAT NEIGHBOURHOOD WITCH ,1,2011-05-17 14:35:00,0.0,,United Kingdom
553521,22365,DOORMAT RESPECTABLE HOUSE,1,2011-05-17 14:35:00,0.0,,United Kingdom
553521,22363,GLASS JAR MARMALADE ,1,2011-05-17 14:35:00,0.0,,United Kingdom
553521,22362,GLASS JAR PEACOCK BATH SALTS,1,2011-05-17 14:35:00,0.0,,United Kingdom
553521,22359,GLASS JAR KINGS CHOICE,1,2011-05-17 14:35:00,0.0,,United Kingdom
553521,22356,CHARLOTTE BAG PINK POLKADOT,1,2011-05-17 14:35:00,0.0,,United Kingdom
553521,22301,COFFEE MUG CAT + BIRD DESIGN,1,2011-05-17 14:35:00,0.0,,United Kingdom
553521,22203,MILK PAN RED RETROSPOT,1,2011-05-17 14:35:00,0.0,,United Kingdom
553521,21889,WOODEN BOX OF DOMINOES,1,2011-05-17 14:35:00,0.0,,United Kingdom
553521,21116,OWL DOORSTOP,1,2011-05-17 14:35:00,0.0,,United Kingdom
553539,22425,ENAMEL COLANDER CREAM,1,2011-05-17 15:27:00,0.0,,United Kingdom
553539,22414,DOORMAT NEIGHBOURHOOD WITCH ,1,2011-05-17 15:27:00,0.0,,United Kingdom
553539,22301,COFFEE MUG CAT + BIRD DESIGN,1,2011-05-17 15:27:00,0.0,,United Kingdom
553539,22201,FRYING PAN BLUE POLKADOT,1,2011-05-17 15:27:00,0.0,,United Kingdom
553539,21922,UNION STRIPE WITH FRINGE  HAMMOCK,1,2011-05-17 15:27:00,0.0,,United Kingdom
553539,22692,DOORMAT WELCOME TO OUR HOME,1,2011-05-17 15:27:00,0.0,,United Kingdom
553539,21559,STRAWBERRY LUNCH BOX WITH CUTLERY,1,2011-05-17 15:27:00,0.0,,United Kingdom
553539,20711,JUMBO BAG TOYS ,1,2011-05-17 15:27:00,0.0,,United Kingdom
553539,20682,RED RETROSPOT CHILDRENS UMBRELLA,1,2011-05-17 15:27:00,0.0,,United Kingdom
553539,22843,BISCUIT TIN VINTAGE GREEN,1,2011-05-17 15:27:00,0.0,,United Kingdom
553539,22682,FRENCH BLUE METAL DOOR SIGN 7,1,2011-05-17 15:27:00,0.0,,United Kingdom
553539,22683,FRENCH BLUE METAL DOOR SIGN 8,1,2011-05-17 15:27:00,0.0,,United Kingdom
553539,22666,RECIPE BOX PANTRY YELLOW DESIGN,1,2011-05-17 15:27:00,0.0,,United Kingdom
553539,22665,RECIPE BOX BLUE SKETCHBOOK DESIGN,1,2011-05-17 15:27:00,0.0,,United Kingdom
553539,22646,CERAMIC STRAWBERRY CAKE MONEY BANK,1,2011-05-17 15:27:00,0.0,,United Kingdom
553539,22520,CHILDS GARDEN TROWEL BLUE ,1,2011-05-17 15:27:00,0.0,,United Kingdom
553539,22523,CHILDS GARDEN FORK PINK,1,2011-05-17 15:27:00,0.0,,United Kingdom
553539,22522,CHILDS GARDEN FORK BLUE ,1,2011-05-17 15:27:00,0.0,,United Kingdom
553539,22519,CHILDS GARDEN BRUSH PINK,1,2011-05-17 15:27:00,0.0,,United Kingdom
553539,22514,CHILDS GARDEN SPADE BLUE,1,2011-05-17 15:27:00,0.0,,United Kingdom
553539,22501,PICNIC BASKET WICKER LARGE,1,2011-05-17 15:27:00,0.0,,United Kingdom
553539,22474,SPACEBOY TV DINNER TRAY,1,2011-05-17 15:27:00,0.0,,United Kingdom
553539,22426,ENAMEL WASH BOWL CREAM,1,2011-05-17 15:27:00,0.0,,United Kingdom
553719,85017C,adjustment,1,2011-05-18 16:18:00,0.0,,United Kingdom
553746,84990,,1,2011-05-19 09:46:00,0.0,,United Kingdom
554148,20966,,1,2011-05-23 10:53:00,0.0,,United Kingdom
554149,85185D,,1,2011-05-23 10:53:00,0.0,,United Kingdom
555469,84917,,1,2011-06-03 11:11:00,0.0,,United Kingdom
556934,37479B,,1,2011-06-15 15:43:00,0.0,,United Kingdom
556947,22444,,1,2011-06-15 16:55:00,0.0,,United Kingdom
556948,90104,,1,2011-06-15 16:56:00,0.0,,United Kingdom
556949,85185D,,1,2011-06-15 16:56:00,0.0,,United Kingdom
556950,84548,,1,2011-06-15 16:56:00,0.0,,United Kingdom
556952,21784,,1,2011-06-15 16:57:00,0.0,,United Kingdom
558340,22514,CHILDS GARDEN SPADE BLUE,1,2011-06-28 14:01:00,0.0,,United Kingdom
558340,85123A,WHITE HANGING HEART T-LIGHT HOLDER,1,2011-06-28 14:01:00,0.0,,United Kingdom
558340,22431,WATERING CAN BLUE ELEPHANT,1,2011-06-28 14:01:00,0.0,,United Kingdom
558340,22430,ENAMEL WATERING CAN CREAM,1,2011-06-28 14:01:00,0.0,,United Kingdom
558340,22414,DOORMAT NEIGHBOURHOOD WITCH ,1,2011-06-28 14:01:00,0.0,,United Kingdom
558340,22385,JUMBO BAG SPACEBOY DESIGN,1,2011-06-28 14:01:00,0.0,,United Kingdom
558340,22380,TOY TIDY SPACEBOY  ,1,2011-06-28 14:01:00,0.0,,United Kingdom
558340,22364,GLASS JAR DIGESTIVE BISCUITS,1,2011-06-28 14:01:00,0.0,,United Kingdom
558340,22362,GLASS JAR PEACOCK BATH SALTS,1,2011-06-28 14:01:00,0.0,,United Kingdom
558340,22301,COFFEE MUG CAT + BIRD DESIGN,1,2011-06-28 14:01:00,0.0,,United Kingdom
558340,21116,OWL DOORSTOP,1,2011-06-28 14:01:00,0.0,,United Kingdom
558340,85099F,JUMBO BAG STRAWBERRY,1,2011-06-28 14:01:00,0.0,,United Kingdom
558340,85099B,JUMBO BAG RED RETROSPOT,1,2011-06-28 14:01:00,0.0,,United Kingdom
558340,22627,MINT KITCHEN SCALES,1,2011-06-28 14:01:00,0.0,,United Kingdom
558340,84692,BOX OF 24 COCKTAIL PARASOLS,1,2011-06-28 14:01:00,0.0,,United Kingdom
558340,22692,DOORMAT WELCOME TO OUR HOME,1,2011-06-28 14:01:00,0.0,,United Kingdom
558340,22684,FRENCH BLUE METAL DOOR SIGN 9,1,2011-06-28 14:01:00,0.0,,United Kingdom
558340,22685,FRENCH BLUE METAL DOOR SIGN 0,1,2011-06-28 14:01:00,0.0,,United Kingdom
558340,22679,FRENCH BLUE METAL DOOR SIGN 4,1,2011-06-28 14:01:00,0.0,,United Kingdom
558340,22666,RECIPE BOX PANTRY YELLOW DESIGN,1,2011-06-28 14:01:00,0.0,,United Kingdom
558340,22665,RECIPE BOX BLUE SKETCHBOOK DESIGN,1,2011-06-28 14:01:00,0.0,,United Kingdom
558340,22649,STRAWBERRY FAIRY CAKE TEAPOT,1,2011-06-28 14:01:00,0.0,,United Kingdom
558340,22627,MINT KITCHEN SCALES,1,2011-06-28 14:01:00,0.0,,United Kingdom
558340,22626,BLACK KITCHEN SCALES,1,2011-06-28 14:01:00,0.0,,United Kingdom
558340,22526,WHEELBARROW FOR CHILDREN ,1,2011-06-28 14:01:00,0.0,,United Kingdom
558340,22430,ENAMEL WATERING CAN CREAM,1,2011-06-28 14:01:00,0.0,,United Kingdom
558342,20731,,1,2011-06-28 14:36:00,0.0,,United Kingdom
559503,21763,,1,2011-07-08 15:06:00,0.0,,United Kingdom
559603,79337,,1,2011-07-11 11:27:00,0.0,,United Kingdom
560388,21635,,1,2011-07-18 13:12:00,0.0,,United Kingdom
560389,37444A,,1,2011-07-18 13:13:00,0.0,,United Kingdom
560404,21472,,1,2011-07-18 14:20:00,0.0,,United Kingdom
560405,22080,,1,2011-07-18 14:20:00,0.0,,United Kingdom
560406,22088,,1,2011-07-18 14:21:00,0.0,,United Kingdom
560889,84789,,1,2011-07-21 16:42:00,0.0,,United Kingdom
560890,84402B,,1,2011-07-21 16:43:00,0.0,,United Kingdom
561660,22502,,1,2011-07-28 16:18:00,0.0,,United Kingdom
561674,21445,,1,2011-07-28 17:20:00,0.0,,United Kingdom
562134,22722,,1,2011-08-03 09:50:00,0.0,,United Kingdom
562135,84847,,1,2011-08-03 09:50:00,0.0,,United Kingdom
563101,22084,,1,2011-08-12 10:07:00,0.0,,United Kingdom
563102,21359,,1,2011-08-12 10:07:00,0.0,,United Kingdom
563445,85049D,,1,2011-08-16 14:18:00,0.0,,United Kingdom
564220,20684,,1,2011-08-24 09:34:00,0.0,,United Kingdom
564530,22682,FRENCH BLUE METAL DOOR SIGN 7,1,2011-08-25 14:57:00,0.0,,United Kingdom
564530,22680,FRENCH BLUE METAL DOOR SIGN 5,1,2011-08-25 14:57:00,0.0,,United Kingdom
564530,21172,PARTY METAL SIGN ,1,2011-08-25 14:57:00,0.0,,United Kingdom
564530,21116,OWL DOORSTOP,1,2011-08-25 14:57:00,0.0,,United Kingdom
564530,20682,RED RETROSPOT CHILDRENS UMBRELLA,1,2011-08-25 14:57:00,0.0,,United Kingdom
564530,85123A,WHITE HANGING HEART T-LIGHT HOLDER,1,2011-08-25 14:57:00,0.0,,United Kingdom
564530,22692,DOORMAT WELCOME TO OUR HOME,1,2011-08-25 14:57:00,0.0,,United Kingdom
564530,22427,ENAMEL FLOWER JUG CREAM,1,2011-08-25 14:57:00,0.0,,United Kingdom
564530,22366,DOORMAT AIRMAIL ,1,2011-08-25 14:57:00,0.0,,United Kingdom
564530,22365,DOORMAT RESPECTABLE HOUSE,1,2011-08-25 14:57:00,0.0,,United Kingdom
564530,22362,GLASS JAR PEACOCK BATH SALTS,1,2011-08-25 14:57:00,0.0,,United Kingdom
564530,22363,GLASS JAR MARMALADE ,1,2011-08-25 14:57:00,0.0,,United Kingdom
564530,22359,GLASS JAR KINGS CHOICE,1,2011-08-25 14:57:00,0.0,,United Kingdom
564530,22357,KINGS CHOICE BISCUIT TIN,1,2011-08-25 14:57:00,0.0,,United Kingdom
564530,21899,GARAGE KEY FOB,1,2011-08-25 14:57:00,0.0,,United Kingdom
564530,21900,"KEY FOB , SHED",1,2011-08-25 14:57:00,0.0,,United Kingdom
564530,21901,"KEY FOB , BACK DOOR ",1,2011-08-25 14:57:00,0.0,,United Kingdom
564530,21561,DINOSAUR LUNCH BOX WITH CUTLERY,1,2011-08-25 14:57:00,0.0,,United Kingdom
564530,21452,TOADSTOOL MONEY BOX,1,2011-08-25 14:57:00,0.0,,United Kingdom
564530,22684,FRENCH BLUE METAL DOOR SIGN 9,1,2011-08-25 14:57:00,0.0,,United Kingdom
564924,21272,,1,2011-08-31 12:44:00,0.0,,United Kingdom
564925,21662,,1,2011-08-31 12:45:00,0.0,,United Kingdom
564928,35966,,1,2011-08-31 12:46:00,0.0,,United Kingdom
564929,37501,,1,2011-08-31 12:46:00,0.0,,United Kingdom
565081,21067,,1,2011-09-01 09:03:00,0.0,,United Kingdom
565368,21784,,1,2011-09-02 14:59:00,0.0,,United Kingdom
565369,37342,,1,2011-09-02 15:02:00,0.0,,United Kingdom
565544,84989A,,1,2011-09-05 12:09:00,0.0,,United Kingdom
565545,20973,,1,2011-09-05 12:09:00,0.0,,United Kingdom
565797,47570B,,1,2011-09-07 10:15:00,0.0,,United Kingdom
565798,85232D,,1,2011-09-07 10:15:00,0.0,,United Kingdom
566064,22355,test,1,2011-09-08 15:53:00,0.0,,United Kingdom
566065,84660C,,1,2011-09-08 16:14:00,0.0,,United Kingdom
566323,22035,,1,2011-09-12 12:02:00,0.0,,United Kingdom
566324,22035,taig adjust,1,2011-09-12 12:03:00,0.0,,United Kingdom
566478,23084,for online retail orders,1,2011-09-13 09:03:00,0.0,,United Kingdom
566493,23284,,1,2011-09-13 10:52:00,0.0,,United Kingdom
566982,85049B,Amazon,1,2011-09-16 10:15:00,0.0,,United Kingdom
566983,23084,Amazon,1,2011-09-16 10:16:00,0.0,,United Kingdom
567926,84877D,found,1,2011-09-22 17:27:00,0.0,,United Kingdom
568092,23134,,1,2011-09-23 14:42:00,0.0,,United Kingdom
569934,85049D,,1,2011-10-06 17:51:00,0.0,,United Kingdom
569935,90209B,,1,2011-10-06 17:52:00,0.0,,United Kingdom
569937,90209C,,1,2011-10-06 17:52:00,0.0,,United Kingdom
571722,22062,,1,2011-10-18 17:30:00,0.0,,United Kingdom
571731,21911,,1,2011-10-19 09:51:00,0.0,,United Kingdom
572239,84247E,,1,2011-10-21 15:15:00,0.0,,United Kingdom
572510,20967,Amazon Adjustment,1,2011-10-24 14:27:00,0.0,,United Kingdom
572698,82613A,Amazon,1,2011-10-25 14:25:00,0.0,,United Kingdom
572700,72818,,1,2011-10-25 14:26:00,0.0,,United Kingdom
572740,22687,adjustment,1,2011-10-25 15:45:00,0.0,,United Kingdom
573169,35600A,Found by jackie,1,2011-10-28 09:56:00,0.0,,United Kingdom
573488,23400,,1,2011-10-31 11:47:00,0.0,,United Kingdom
573987,21349,check,1,2011-11-02 11:14:00,0.0,,United Kingdom
573988,22925,check,1,2011-11-02 11:14:00,0.0,,United Kingdom
573990,22606,check,1,2011-11-02 11:18:00,0.0,,United Kingdom
574101,22180,,1,2011-11-03 10:27:00,0.0,,United Kingdom
574133,21071,,1,2011-11-03 11:00:00,0.0,,United Kingdom
575748,23298,SPOTTY BUNTING,1,2011-11-11 10:21:00,0.0,,United Kingdom
576594,21394,,1,2011-11-15 14:55:00,0.0,,United Kingdom
576619,21054,,1,2011-11-15 17:01:00,0.0,,United Kingdom
576620,16207A,,1,2011-11-15 17:02:00,0.0,,United Kingdom
576662,22570,,1,2011-11-16 11:19:00,0.0,,United Kingdom
577251,72802C,,1,2011-11-18 12:18:00,0.0,,United Kingdom
577829,85231G,amazon,1,2011-11-22 09:55:00,0.0,,United Kingdom
577971,22606,,1,2011-11-22 12:12:00,0.0,,United Kingdom
577972,84663A,,1,2011-11-22 12:13:00,0.0,,United Kingdom
578336,23579,,1,2011-11-24 09:06:00,0.0,,United Kingdom
578337,23348,,1,2011-11-24 09:07:00,0.0,,United Kingdom
578338,22125,,1,2011-11-24 09:07:00,0.0,,United Kingdom
578693,21811,,1,2011-11-25 09:38:00,0.0,,United Kingdom
578700,72807A,AMAZON,1,2011-11-25 10:49:00,0.0,,United Kingdom
578930,22848,AMAZON,1,2011-11-27 12:39:00,0.0,,United Kingdom
579275,22176,amazon,1,2011-11-29 10:02:00,0.0,,United Kingdom
580145,22925,AMAZON,1,2011-12-02 10:03:00,0.0,,United Kingdom
580366,DOT,DOTCOM POSTAGE,1,2011-12-02 16:38:00,0.0,,United Kingdom
580390,21888,Amazon,1,2011-12-04 10:37:00,0.0,,United Kingdom
580391,21868,Amazon,1,2011-12-04 10:42:00,0.0,,United Kingdom
580609,22927,Amazon,1,2011-12-05 11:41:00,0.0,,United Kingdom
580743,47591B,,1,2011-12-06 09:30:00,0.0,,United Kingdom
537534,84692,BOX OF 24 COCKTAIL PARASOLS,2,2010-12-07 11:48:00,0.0,,United Kingdom
537534,22681,FRENCH BLUE METAL DOOR SIGN 6,2,2010-12-07 11:48:00,0.0,,United Kingdom
537534,22686,FRENCH BLUE METAL DOOR SIGN No,2,2010-12-07 11:48:00,0.0,,United Kingdom
537534,22501,PICNIC BASKET WICKER LARGE,2,2010-12-07 11:48:00,0.0,,United Kingdom
537534,22361,GLASS JAR DAISY FRESH COTTON WOOL,2,2010-12-07 11:48:00,0.0,,United Kingdom
537534,22202,MILK PAN PINK POLKADOT,2,2010-12-07 11:48:00,0.0,,United Kingdom
537534,21531,RED RETROSPOT SUGAR JAM BOWL,2,2010-12-07 11:48:00,0.0,,United Kingdom
537876,84977,,2,2010-12-08 18:08:00,0.0,,United Kingdom
538134,20878,,2,2010-12-09 15:56:00,0.0,,United Kingdom
538135,21186,,2,2010-12-09 15:56:00,0.0,,United Kingdom
538136,37509,,2,2010-12-09 15:57:00,0.0,,United Kingdom
538137,62095B,,2,2010-12-09 15:57:00,0.0,,United Kingdom
538138,72814,,2,2010-12-09 15:57:00,0.0,,United Kingdom
538139,84802A,,2,2010-12-09 15:57:00,0.0,,United Kingdom
538141,22218,,2,2010-12-09 15:58:00,0.0,,United Kingdom
538359,35958,,2,2010-12-10 16:29:00,0.0,,United Kingdom
539750,21080,SET/20 RED RETROSPOT PAPER NAPKINS ,2,2010-12-21 15:40:00,0.0,,United Kingdom
539856,20682,RED RETROSPOT CHILDRENS UMBRELLA,2,2010-12-22 14:41:00,0.0,,United Kingdom
539856,20724,RED RETROSPOT CHARLOTTE BAG,2,2010-12-22 14:41:00,0.0,,United Kingdom
539856,18098C,PORCELAIN BUTTERFLY OIL BURNER,2,2010-12-22 14:41:00,0.0,,United Kingdom
539856,84872A,TEATIME FUNKY FLOWER BACKPACK FOR 2,2,2010-12-22 14:41:00,0.0,,United Kingdom
539856,84692,BOX OF 24 COCKTAIL PARASOLS,2,2010-12-22 14:41:00,0.0,,United Kingdom
539856,48194,DOORMAT HEARTS,2,2010-12-22 14:41:00,0.0,,United Kingdom
539856,22690,DOORMAT HOME SWEET HOME BLUE ,2,2010-12-22 14:41:00,0.0,,United Kingdom
539856,22685,FRENCH BLUE METAL DOOR SIGN 0,2,2010-12-22 14:41:00,0.0,,United Kingdom
539856,22686,FRENCH BLUE METAL DOOR SIGN No,2,2010-12-22 14:41:00,0.0,,United Kingdom
539856,22683,FRENCH BLUE METAL DOOR SIGN 8,2,2010-12-22 14:41:00,0.0,,United Kingdom
539856,22679,FRENCH BLUE METAL DOOR SIGN 4,2,2010-12-22 14:41:00,0.0,,United Kingdom
539856,22678,FRENCH BLUE METAL DOOR SIGN 3,2,2010-12-22 14:41:00,0.0,,United Kingdom
539856,22665,RECIPE BOX BLUE SKETCHBOOK DESIGN,2,2010-12-22 14:41:00,0.0,,United Kingdom
539856,22426,ENAMEL WASH BOWL CREAM,2,2010-12-22 14:41:00,0.0,,United Kingdom
539856,22367,CHILDRENS APRON SPACEBOY DESIGN,2,2010-12-22 14:41:00,0.0,,United Kingdom
539856,22361,GLASS JAR DAISY FRESH COTTON WOOL,2,2010-12-22 14:41:00,0.0,,United Kingdom
539856,21888,BINGO SET,2,2010-12-22 14:41:00,0.0,,United Kingdom
539998,84675,,2,2011-01-04 10:16:00,0.0,,United Kingdom
540018,90112,,2,2011-01-04 12:07:00,0.0,,United Kingdom
540832,21670,BLUE SPOT CERAMIC DRAWER KNOB,2,2011-01-11 14:42:00,0.0,,United Kingdom
542510,21667,,2,2011-01-28 12:07:00,0.0,,United Kingdom
542512,22830,,2,2011-01-28 12:07:00,0.0,,United Kingdom
542513,75013B,,2,2011-01-28 12:08:00,0.0,,United Kingdom
542965,35400,,2,2011-02-02 11:22:00,0.0,,United Kingdom
545176,22374,AIRLINE BAG VINTAGE JET SET RED,2,2011-02-28 14:19:00,0.0,,United Kingdom
545176,22359,GLASS JAR KINGS CHOICE,2,2011-02-28 14:19:00,0.0,,United Kingdom
545176,22681,FRENCH BLUE METAL DOOR SIGN 6,2,2011-02-28 14:19:00,0.0,,United Kingdom
545176,22686,FRENCH BLUE METAL DOOR SIGN No,2,2011-02-28 14:19:00,0.0,,United Kingdom
545176,22676,FRENCH BLUE METAL DOOR SIGN 1,2,2011-02-28 14:19:00,0.0,,United Kingdom
546933,85099B,JUMBO BAG RED RETROSPOT,2,2011-03-18 11:02:00,0.0,,United Kingdom
546933,48184,DOORMAT ENGLISH ROSE ,2,2011-03-18 11:02:00,0.0,,United Kingdom
546933,22683,FRENCH BLUE METAL DOOR SIGN 8,2,2011-03-18 11:02:00,0.0,,United Kingdom
546933,22364,GLASS JAR DIGESTIVE BISCUITS,2,2011-03-18 11:02:00,0.0,,United Kingdom
546933,21556,CERAMIC STRAWBERRY MONEY BOX,2,2011-03-18 11:02:00,0.0,,United Kingdom
547527,21826,,2,2011-03-23 15:04:00,0.0,,United Kingdom
547528,84840,,2,2011-03-23 15:05:00,0.0,,United Kingdom
547533,84968B,,2,2011-03-23 15:06:00,0.0,,United Kingdom
547557,22866,,2,2011-03-23 16:53:00,0.0,,United Kingdom
548161,20734,,2,2011-03-29 13:40:00,0.0,,United Kingdom
548224,47593A,,2,2011-03-30 10:23:00,0.0,,United Kingdom
548261,90104,,2,2011-03-30 11:19:00,0.0,,United Kingdom
548539,90005A,,2,2011-03-31 17:37:00,0.0,,United Kingdom
549034,16248B,,2,2011-04-05 17:08:00,0.0,,United Kingdom
550929,22470,,2,2011-04-21 14:41:00,0.0,,United Kingdom
550930,22988,,2,2011-04-21 14:41:00,0.0,,United Kingdom
550951,84531A,returned,2,2011-04-21 16:15:00,0.0,,United Kingdom
550952,84531B,returned,2,2011-04-21 16:16:00,0.0,,United Kingdom
551304,48189,adjustment,2,2011-04-27 14:56:00,0.0,,United Kingdom
551694,47589,,2,2011-05-03 13:36:00,0.0,,United Kingdom
551900,20778,,2,2011-05-05 10:45:00,0.0,,United Kingdom
552527,20964,,2,2011-05-09 16:48:00,0.0,,United Kingdom
553521,22684,FRENCH BLUE METAL DOOR SIGN 9,2,2011-05-17 14:35:00,0.0,,United Kingdom
553521,22684,FRENCH BLUE METAL DOOR SIGN 9,2,2011-05-17 14:35:00,0.0,,United Kingdom
553521,22680,FRENCH BLUE METAL DOOR SIGN 5,2,2011-05-17 14:35:00,0.0,,United Kingdom
553521,22676,FRENCH BLUE METAL DOOR SIGN 1,2,2011-05-17 14:35:00,0.0,,United Kingdom
553521,22665,RECIPE BOX BLUE SKETCHBOOK DESIGN,2,2011-05-17 14:35:00,0.0,,United Kingdom
553521,22637,PIGGY BANK RETROSPOT ,2,2011-05-17 14:35:00,0.0,,United Kingdom
553521,22514,CHILDS GARDEN SPADE BLUE,2,2011-05-17 14:35:00,0.0,,United Kingdom
553539,21116,OWL DOORSTOP,2,2011-05-17 15:27:00,0.0,,United Kingdom
553539,22679,FRENCH BLUE METAL DOOR SIGN 4,2,2011-05-17 15:27:00,0.0,,United Kingdom
553539,22677,FRENCH BLUE METAL DOOR SIGN 2,2,2011-05-17 15:27:00,0.0,,United Kingdom
553539,22685,FRENCH BLUE METAL DOOR SIGN 0,2,2011-05-17 15:27:00,0.0,,United Kingdom
553539,22515,CHILDS GARDEN SPADE PINK,2,2011-05-17 15:27:00,0.0,,United Kingdom
553539,22430,ENAMEL WATERING CAN CREAM,2,2011-05-17 15:27:00,0.0,,United Kingdom
553717,22087,,2,2011-05-18 16:07:00,0.0,,United Kingdom
553728,21324,,2,2011-05-18 17:17:00,0.0,,United Kingdom
553729,82599,,2,2011-05-18 17:17:00,0.0,,United Kingdom
553745,84760S,,2,2011-05-19 09:46:00,0.0,,United Kingdom
554831,84906,,2,2011-05-26 15:22:00,0.0,,United Kingdom
554962,84691,,2,2011-05-27 15:24:00,0.0,,United Kingdom
556291,79164,,2,2011-06-10 09:24:00,0.0,,United Kingdom
556933,22783,,2,2011-06-15 15:42:00,0.0,,United Kingdom
556946,37444A,,2,2011-06-15 16:55:00,0.0,,United Kingdom
556951,20975,,2,2011-06-15 16:57:00,0.0,,United Kingdom
557138,21095,,2,2011-06-17 09:33:00,0.0,,United Kingdom
557139,35965,,2,2011-06-17 09:34:00,0.0,,United Kingdom
558340,21556,CERAMIC STRAWBERRY MONEY BOX,2,2011-06-28 14:01:00,0.0,,United Kingdom
558340,22683,FRENCH BLUE METAL DOOR SIGN 8,2,2011-06-28 14:01:00,0.0,,United Kingdom
558340,22678,FRENCH BLUE METAL DOOR SIGN 3,2,2011-06-28 14:01:00,0.0,,United Kingdom
560402,21067,,2,2011-07-18 14:19:00,0.0,,United Kingdom
560819,21686,,2,2011-07-21 10:53:00,0.0,,United Kingdom
561652,84847,,2,2011-07-28 15:50:00,0.0,,United Kingdom
563105,22194,,2,2011-08-12 10:15:00,0.0,,United Kingdom
563449,85152,,2,2011-08-16 14:28:00,0.0,,United Kingdom
564530,22686,FRENCH BLUE METAL DOOR SIGN No,2,2011-08-25 14:57:00,0.0,,United Kingdom
564923,21868,,2,2011-08-31 12:44:00,0.0,,United Kingdom
564927,23175,,2,2011-08-31 12:45:00,0.0,,United Kingdom
566476,23084,add stock to allocate online orders,2,2011-09-13 09:01:00,0.0,,United Kingdom
567208,35597D,,2,2011-09-19 11:01:00,0.0,,United Kingdom
568085,84912A,,2,2011-09-23 14:39:00,0.0,,United Kingdom
569929,22084,,2,2011-10-06 17:50:00,0.0,,United Kingdom
569930,35914,,2,2011-10-06 17:50:00,0.0,,United Kingdom
570065,22688,,2,2011-10-07 11:07:00,0.0,,United Kingdom
570263,23412,,2,2011-10-10 10:00:00,0.0,,United Kingdom
570520,23412,,2,2011-10-11 10:43:00,0.0,,United Kingdom
571721,21738,,2,2011-10-18 17:30:00,0.0,,United Kingdom
572537,37327,,2,2011-10-24 16:09:00,0.0,,United Kingdom
572716,22829,,2,2011-10-25 14:46:00,0.0,,United Kingdom
572731,35914,,2,2011-10-25 15:20:00,0.0,,United Kingdom
573984,16207A,check,2,2011-11-02 11:09:00,0.0,,United Kingdom
573985,22848,check,2,2011-11-02 11:09:00,0.0,,United Kingdom
573989,23091,check,2,2011-11-02 11:14:00,0.0,,United Kingdom
577265,23268,,2,2011-11-18 12:33:00,0.0,,United Kingdom
577961,23268,,2,2011-11-22 12:11:00,0.0,,United Kingdom
577964,37489A,,2,2011-11-22 12:11:00,0.0,,United Kingdom
577966,85045,,2,2011-11-22 12:12:00,0.0,,United Kingdom
577968,85135B,,2,2011-11-22 12:12:00,0.0,,United Kingdom
578360,84971L,,2,2011-11-24 10:36:00,0.0,,United Kingdom
579272,22812,,2,2011-11-29 10:00:00,0.0,,United Kingdom
536553,37461,,3,2010-12-01 14:35:00,0.0,,United Kingdom
537534,48184,DOORMAT ENGLISH ROSE ,3,2010-12-07 11:48:00,0.0,,United Kingdom
537534,22683,FRENCH BLUE METAL DOOR SIGN 8,3,2010-12-07 11:48:00,0.0,,United Kingdom
537534,22676,FRENCH BLUE METAL DOOR SIGN 1,3,2010-12-07 11:48:00,0.0,,United Kingdom
537534,22624,IVORY KITCHEN SCALES,3,2010-12-07 11:48:00,0.0,,United Kingdom
537534,22524,CHILDRENS GARDEN GLOVES BLUE,3,2010-12-07 11:48:00,0.0,,United Kingdom
537534,22428,ENAMEL FIRE BUCKET CREAM,3,2010-12-07 11:48:00,0.0,,United Kingdom
537534,22362,GLASS JAR PEACOCK BATH SALTS,3,2010-12-07 11:48:00,0.0,,United Kingdom
538132,84773,,3,2010-12-09 15:56:00,0.0,,United Kingdom
538133,85018C,,3,2010-12-09 15:56:00,0.0,,United Kingdom
539856,22682,FRENCH BLUE METAL DOOR SIGN 7,3,2010-12-22 14:41:00,0.0,,United Kingdom
539856,22626,BLACK KITCHEN SCALES,3,2010-12-22 14:41:00,0.0,,United Kingdom
539856,22624,IVORY KITCHEN SCALES,3,2010-12-22 14:41:00,0.0,,United Kingdom
539856,22525,CHILDRENS GARDEN GLOVES PINK,3,2010-12-22 14:41:00,0.0,,United Kingdom
539856,22374,AIRLINE BAG VINTAGE JET SET RED,3,2010-12-22 14:41:00,0.0,,United Kingdom
539856,22375,AIRLINE BAG VINTAGE JET SET BROWN,3,2010-12-22 14:41:00,0.0,,United Kingdom
539856,22371,AIRLINE BAG VINTAGE TOKYO 78,3,2010-12-22 14:41:00,0.0,,United Kingdom
539856,21539,RED RETROSPOT BUTTER DISH,3,2010-12-22 14:41:00,0.0,,United Kingdom
539856,21258,VICTORIAN SEWING BOX LARGE,3,2010-12-22 14:41:00,0.0,,United Kingdom
542509,85049B,,3,2011-01-28 12:07:00,0.0,,United Kingdom
542784,84795C,,3,2011-02-01 10:04:00,0.0,,United Kingdom
543267,35645,,3,2011-02-04 17:24:00,0.0,,United Kingdom
543268,84306,,3,2011-02-04 17:24:00,0.0,,United Kingdom
545176,22357,KINGS CHOICE BISCUIT TIN,3,2011-02-28 14:19:00,0.0,,United Kingdom
545176,20652,BLUE POLKADOT LUGGAGE TAG ,3,2011-02-28 14:19:00,0.0,,United Kingdom
545176,20615,BLUE POLKADOT PASSPORT COVER,3,2011-02-28 14:19:00,0.0,,United Kingdom
545176,37333,"RETRO ""TEA FOR ONE"" ",3,2011-02-28 14:19:00,0.0,,United Kingdom
545176,22689,DOORMAT MERRY CHRISTMAS RED ,3,2011-02-28 14:19:00,0.0,,United Kingdom
545176,22681,FRENCH BLUE METAL DOOR SIGN 6,3,2011-02-28 14:19:00,0.0,,United Kingdom
545176,22475,SKULL DESIGN TV DINNER TRAY,3,2011-02-28 14:19:00,0.0,,United Kingdom
546933,22686,FRENCH BLUE METAL DOOR SIGN No,3,2011-03-18 11:02:00,0.0,,United Kingdom
546933,22682,FRENCH BLUE METAL DOOR SIGN 7,3,2011-03-18 11:02:00,0.0,,United Kingdom
546933,22680,FRENCH BLUE METAL DOOR SIGN 5,3,2011-03-18 11:02:00,0.0,,United Kingdom
546933,22684,FRENCH BLUE METAL DOOR SIGN 9,3,2011-03-18 11:02:00,0.0,,United Kingdom
546933,22678,FRENCH BLUE METAL DOOR SIGN 3,3,2011-03-18 11:02:00,0.0,,United Kingdom
546933,22676,FRENCH BLUE METAL DOOR SIGN 1,3,2011-03-18 11:02:00,0.0,,United Kingdom
546933,22625,RED KITCHEN SCALES,3,2011-03-18 11:02:00,0.0,,United Kingdom
546933,22430,ENAMEL WATERING CAN CREAM,3,2011-03-18 11:02:00,0.0,,United Kingdom
546933,22631,CIRCUS PARADE LUNCH BOX ,3,2011-03-18 11:02:00,0.0,,United Kingdom
547525,21258,,3,2011-03-23 15:04:00,0.0,,United Kingdom
547526,22627,,3,2011-03-23 15:04:00,0.0,,United Kingdom
547530,22764,,3,2011-03-23 15:05:00,0.0,,United Kingdom
547929,21393,,3,2011-03-28 14:00:00,0.0,,United Kingdom
548538,90082B,,3,2011-03-31 17:36:00,0.0,,United Kingdom
548681,72800D,,3,2011-04-01 16:43:00,0.0,,United Kingdom
549166,44265,,3,2011-04-06 17:21:00,0.0,,United Kingdom
549497,21527,,3,2011-04-08 15:06:00,0.0,,United Kingdom
550928,22867,,3,2011-04-21 14:41:00,0.0,,United Kingdom
550947,21319,adjustment,3,2011-04-21 15:55:00,0.0,,United Kingdom
551458,22451,,3,2011-04-28 16:04:00,0.0,,United Kingdom
553521,22682,FRENCH BLUE METAL DOOR SIGN 7,3,2011-05-17 14:35:00,0.0,,United Kingdom
553716,37444A,,3,2011-05-18 16:07:00,0.0,,United Kingdom
554378,20975,,3,2011-05-24 11:35:00,0.0,,United Kingdom
554830,21904,,3,2011-05-26 15:22:00,0.0,,United Kingdom
556945,21614,,3,2011-06-15 16:55:00,0.0,,United Kingdom
557137,85141,,3,2011-06-17 09:32:00,0.0,,United Kingdom
558340,22357,KINGS CHOICE BISCUIT TIN,3,2011-06-28 14:01:00,0.0,,United Kingdom
558340,48184,DOORMAT ENGLISH ROSE ,3,2011-06-28 14:01:00,0.0,,United Kingdom
558340,22676,FRENCH BLUE METAL DOOR SIGN 1,3,2011-06-28 14:01:00,0.0,,United Kingdom
558340,22515,CHILDS GARDEN SPADE PINK,3,2011-06-28 14:01:00,0.0,,United Kingdom
558346,35965,,3,2011-06-28 14:45:00,0.0,,United Kingdom
558369,21082,found,3,2011-06-28 15:40:00,0.0,,United Kingdom
559604,22084,,3,2011-07-11 11:27:00,0.0,,United Kingdom
561490,21275,,3,2011-07-27 13:54:00,0.0,,United Kingdom
563106,21658,,3,2011-08-12 10:15:00,0.0,,United Kingdom
564530,22683,FRENCH BLUE METAL DOOR SIGN 8,3,2011-08-25 14:57:00,0.0,,United Kingdom
564530,22681,FRENCH BLUE METAL DOOR SIGN 6,3,2011-08-25 14:57:00,0.0,,United Kingdom
564530,22679,FRENCH BLUE METAL DOOR SIGN 4,3,2011-08-25 14:57:00,0.0,,United Kingdom
564530,22678,FRENCH BLUE METAL DOOR SIGN 3,3,2011-08-25 14:57:00,0.0,,United Kingdom
564530,22627,MINT KITCHEN SCALES,3,2011-08-25 14:57:00,0.0,,United Kingdom
564530,22685,FRENCH BLUE METAL DOOR SIGN 0,3,2011-08-25 14:57:00,0.0,,United Kingdom
564530,22676,FRENCH BLUE METAL DOOR SIGN 1,3,2011-08-25 14:57:00,0.0,,United Kingdom
567152,35598C,found,3,2011-09-16 15:58:00,0.0,,United Kingdom
568053,90209C,,3,2011-09-23 12:44:00,0.0,,United Kingdom
569083,23084,,3,2011-09-30 11:56:00,0.0,,United Kingdom
569375,22829,,3,2011-10-03 16:29:00,0.0,,United Kingdom
571720,85211,,3,2011-10-18 17:29:00,0.0,,United Kingdom
573255,85135B,check,3,2011-10-28 12:18:00,0.0,,United Kingdom
573983,82600,check,3,2011-11-02 11:08:00,0.0,,United Kingdom
574073,23579,,3,2011-11-02 15:15:00,0.0,,United Kingdom
576675,37327,adjustment,3,2011-11-16 12:01:00,0.0,,United Kingdom
577264,85125,,3,2011-11-18 12:32:00,0.0,,United Kingdom
577954,17136A,check,3,2011-11-22 12:10:00,0.0,,United Kingdom
577956,21145,,3,2011-11-22 12:10:00,0.0,,United Kingdom
539856,22428,ENAMEL FIRE BUCKET CREAM,4,2010-12-22 14:41:00,0.0,,United Kingdom
542516,71477,,4,2011-01-28 12:08:00,0.0,,United Kingdom
542783,21690,,4,2011-02-01 10:02:00,0.0,,United Kingdom
543386,16207B,,4,2011-02-08 09:22:00,0.0,,United Kingdom
545176,22625,RED KITCHEN SCALES,4,2011-02-28 14:19:00,0.0,,United Kingdom
546026,90200C,,4,2011-03-08 17:43:00,0.0,,United Kingdom
546933,22679,FRENCH BLUE METAL DOOR SIGN 4,4,2011-03-18 11:02:00,0.0,,United Kingdom
547343,77101A,,4,2011-03-22 11:54:00,0.0,,United Kingdom
547348,85206A,,4,2011-03-22 11:57:00,0.0,,United Kingdom
547524,22451,,4,2011-03-23 15:03:00,0.0,,United Kingdom
548638,21258,,4,2011-04-01 12:34:00,0.0,,United Kingdom
550983,22866,,4,2011-04-21 17:34:00,0.0,,United Kingdom
550985,22777,,4,2011-04-21 17:40:00,0.0,,United Kingdom
553521,22679,FRENCH BLUE METAL DOOR SIGN 4,4,2011-05-17 14:35:00,0.0,,United Kingdom
553521,22677,FRENCH BLUE METAL DOOR SIGN 2,4,2011-05-17 14:35:00,0.0,,United Kingdom
553539,22676,FRENCH BLUE METAL DOOR SIGN 1,4,2011-05-17 15:27:00,0.0,,United Kingdom
553688,22078,,4,2011-05-18 14:05:00,0.0,,United Kingdom
554352,22720,,4,2011-05-24 08:57:00,0.0,,United Kingdom
558340,22686,FRENCH BLUE METAL DOOR SIGN No,4,2011-06-28 14:01:00,0.0,,United Kingdom
558340,22680,FRENCH BLUE METAL DOOR SIGN 5,4,2011-06-28 14:01:00,0.0,,United Kingdom
558344,47013C,,4,2011-06-28 14:44:00,0.0,,United Kingdom
558915,20716,,4,2011-07-05 09:33:00,0.0,,United Kingdom
561483,77079,,4,2011-07-27 13:40:00,0.0,,United Kingdom
564530,22677,FRENCH BLUE METAL DOOR SIGN 2,4,2011-08-25 14:57:00,0.0,,United Kingdom
566327,23084,allocate stock for dotcom orders ta,4,2011-09-12 12:13:00,0.0,,United Kingdom
567207,35592T,,4,2011-09-19 11:01:00,0.0,,United Kingdom
567680,23284,,4,2011-09-21 16:17:00,0.0,,United Kingdom
570518,23268,,4,2011-10-11 10:41:00,0.0,,United Kingdom
571704,23579,Sale error,4,2011-10-18 15:15:00,0.0,,United Kingdom
572724,84507C,adjustment,4,2011-10-25 15:14:00,0.0,,United Kingdom
573980,21539,check,4,2011-11-02 11:03:00,0.0,,United Kingdom
576192,22827,,4,2011-11-14 11:57:00,0.0,,United Kingdom
576673,22548,adjustment,4,2011-11-16 11:59:00,0.0,,United Kingdom
576777,22121,,4,2011-11-16 13:23:00,0.0,,United Kingdom
577037,72817,dotcomstock,4,2011-11-17 13:27:00,0.0,,United Kingdom
577970,85135A,,4,2011-11-22 12:12:00,0.0,,United Kingdom
578632,22579,,4,2011-11-24 16:22:00,0.0,,United Kingdom
580586,21804,dotcom,4,2011-12-05 10:34:00,0.0,,United Kingdom
581103,22689,,4,2011-12-07 11:58:00,0.0,,United Kingdom
537361,21777,,5,2010-12-06 12:34:00,0.0,,United Kingdom
537534,22679,FRENCH BLUE METAL DOOR SIGN 4,5,2010-12-07 11:48:00,0.0,,United Kingdom
537534,22371,AIRLINE BAG VINTAGE TOKYO 78,5,2010-12-07 11:48:00,0.0,,United Kingdom
539856,22676,FRENCH BLUE METAL DOOR SIGN 1,5,2010-12-22 14:41:00,0.0,,United Kingdom
539856,22475,SKULL DESIGN TV DINNER TRAY,5,2010-12-22 14:41:00,0.0,,United Kingdom
539997,84689,,5,2011-01-04 10:15:00,0.0,,United Kingdom
542364,21324,,5,2011-01-27 12:50:00,0.0,,United Kingdom
542507,20798,,5,2011-01-28 12:06:00,0.0,,United Kingdom
545176,21116,OWL DOORSTOP,5,2011-02-28 14:19:00,0.0,,United Kingdom
547344,22838,,5,2011-03-22 11:55:00,0.0,,United Kingdom
547522,21717,,5,2011-03-23 15:02:00,0.0,,United Kingdom
547523,85197,,5,2011-03-23 15:03:00,0.0,,United Kingdom
547927,37444C,,5,2011-03-28 13:59:00,0.0,,United Kingdom
548383,84906,,5,2011-03-30 16:46:00,0.0,,United Kingdom
548637,84596E,,5,2011-04-01 12:32:00,0.0,,United Kingdom
549492,21736,,5,2011-04-08 15:06:00,0.0,,United Kingdom
550982,22632,,5,2011-04-21 17:33:00,0.0,,United Kingdom
551581,84873A,,5,2011-05-03 11:20:00,0.0,,United Kingdom
553521,22683,FRENCH BLUE METAL DOOR SIGN 8,5,2011-05-17 14:35:00,0.0,,United Kingdom
553521,22678,FRENCH BLUE METAL DOOR SIGN 3,5,2011-05-17 14:35:00,0.0,,United Kingdom
553539,22678,FRENCH BLUE METAL DOOR SIGN 3,5,2011-05-17 15:27:00,0.0,,United Kingdom
554696,85016,,5,2011-05-25 17:14:00,0.0,,United Kingdom
557412,35965,,5,2011-06-20 11:38:00,0.0,,United Kingdom
564644,82583,,5,2011-08-26 13:35:00,0.0,,United Kingdom
564922,22084,,5,2011-08-31 12:43:00,0.0,,United Kingdom
567337,35965,,5,2011-09-19 14:56:00,0.0,,United Kingdom
567920,84875D,found,5,2011-09-22 17:21:00,0.0,,United Kingdom
568544,84921,,5,2011-09-27 14:33:00,0.0,,United Kingdom
569135,21349,,5,2011-09-30 14:20:00,0.0,,United Kingdom
569578,23084,,5,2011-10-05 11:06:00,0.0,,United Kingdom
570519,21244,,5,2011-10-11 10:42:00,0.0,,United Kingdom
571718,21801,,5,2011-10-18 17:29:00,0.0,,United Kingdom
572614,23595,adjustment,5,2011-10-25 11:38:00,0.0,,United Kingdom
576110,35965,,5,2011-11-14 10:33:00,0.0,,United Kingdom
577608,35400,,5,2011-11-21 09:22:00,0.0,,United Kingdom
577953,23348,check,5,2011-11-22 12:09:00,0.0,,United Kingdom
579880,22947,,5,2011-11-30 17:14:00,0.0,,United Kingdom
580588,21808,,5,2011-12-05 10:35:00,0.0,,United Kingdom
539856,22677,FRENCH BLUE METAL DOOR SIGN 2,6,2010-12-22 14:41:00,0.0,,United Kingdom
543782,85232B,,6,2011-02-11 16:36:00,0.0,,United Kingdom
545176,18098C,PORCELAIN BUTTERFLY OIL BURNER,6,2011-02-28 14:19:00,0.0,,United Kingdom
547917,21898,,6,2011-03-28 12:46:00,0.0,,United Kingdom
549494,22168,,6,2011-04-08 15:06:00,0.0,,United Kingdom
550761,84388,,6,2011-04-20 12:10:00,0.0,,United Kingdom
550976,84921,,6,2011-04-21 17:28:00,0.0,,United Kingdom
550977,85200,,6,2011-04-21 17:29:00,0.0,,United Kingdom
551667,84539,,6,2011-05-03 12:36:00,0.0,,United Kingdom
554267,84313C,,6,2011-05-23 12:56:00,0.0,,United Kingdom
554829,20801,,6,2011-05-26 15:22:00,0.0,,United Kingdom
558343,84709B,,6,2011-06-28 14:44:00,0.0,,United Kingdom
558345,21784,,6,2011-06-28 14:45:00,0.0,,United Kingdom
560329,35965,found,6,2011-07-18 11:07:00,0.0,,United Kingdom
560400,21069,,6,2011-07-18 14:19:00,0.0,,United Kingdom
560429,85086A,,6,2011-07-18 15:17:00,0.0,,United Kingdom
564921,85214,,6,2011-08-31 12:43:00,0.0,,United Kingdom
567335,35965,,6,2011-09-19 14:55:00,0.0,,United Kingdom
569925,21067,,6,2011-10-06 17:45:00,0.0,,United Kingdom
569926,35815P,,6,2011-10-06 17:45:00,0.0,,United Kingdom
570120,22570,,6,2011-10-07 12:49:00,0.0,,United Kingdom
571249,23084,,6,2011-10-14 16:25:00,0.0,,United Kingdom
571460,46775D,,6,2011-10-17 14:06:00,0.0,,United Kingdom
572697,22087,Amazon,6,2011-10-25 14:24:00,0.0,,United Kingdom
576643,85127,found,6,2011-11-16 10:00:00,0.0,,United Kingdom
580197,22696,,6,2011-12-02 12:04:00,0.0,,United Kingdom
580366,22923,FRIDGE MAGNETS LES ENFANTS ASSORTED,6,2011-12-02 16:38:00,0.0,,United Kingdom
580366,23169,CLASSIC GLASS COOKIE JAR,6,2011-12-02 16:38:00,0.0,,United Kingdom
581209,21620,,6,2011-12-07 18:35:00,0.0,,United Kingdom
537436,84270,,7,2010-12-06 17:00:00,0.0,,United Kingdom
538039,22139,,7,2010-12-09 13:07:00,0.0,,United Kingdom
539856,22666,RECIPE BOX PANTRY YELLOW DESIGN,7,2010-12-22 14:41:00,0.0,,United Kingdom
539856,22625,RED KITCHEN SCALES,7,2010-12-22 14:41:00,0.0,,United Kingdom
539856,22357,KINGS CHOICE BISCUIT TIN,7,2010-12-22 14:41:00,0.0,,United Kingdom
546933,22681,FRENCH BLUE METAL DOOR SIGN 6,7,2011-03-18 11:02:00,0.0,,United Kingdom
549140,35819B,,7,2011-04-06 15:26:00,0.0,,United Kingdom
549459,62043B,,7,2011-04-08 14:20:00,0.0,,United Kingdom
558305,21027,,7,2011-06-28 10:59:00,0.0,,United Kingdom
565047,21257,,7,2011-08-31 17:04:00,0.0,,United Kingdom
567371,22084,,7,2011-09-20 09:24:00,0.0,,United Kingdom
571719,22729,,7,2011-10-18 17:29:00,0.0,,United Kingdom
575513,35965,,7,2011-11-10 10:39:00,0.0,,United Kingdom
538038,21488,,8,2010-12-09 13:07:00,0.0,,United Kingdom
539582,71477,,8,2010-12-20 12:53:00,0.0,,United Kingdom
541697,21632,,8,2011-01-20 18:09:00,0.0,,United Kingdom
542156,21348,,8,2011-01-26 10:52:00,0.0,,United Kingdom
545176,22624,IVORY KITCHEN SCALES,8,2011-02-28 14:19:00,0.0,,United Kingdom
548998,84741C,,8,2011-04-05 14:34:00,0.0,,United Kingdom
549163,84247L,,8,2011-04-06 17:18:00,0.0,,United Kingdom
549489,85146,,8,2011-04-08 15:05:00,0.0,,United Kingdom
550815,85027L,,8,2011-04-20 16:42:00,0.0,,United Kingdom
550926,22469,,8,2011-04-21 14:39:00,0.0,,United Kingdom
556438,37479B,,8,2011-06-10 14:36:00,0.0,,United Kingdom
558245,22734,FOUND,8,2011-06-27 16:28:00,0.0,,United Kingdom
561812,84944,,8,2011-07-29 15:25:00,0.0,,United Kingdom
564919,23284,,8,2011-08-31 12:43:00,0.0,,United Kingdom
564920,48116,,8,2011-08-31 12:43:00,0.0,,United Kingdom
565043,22171,,8,2011-08-31 17:01:00,0.0,,United Kingdom
565543,22502,,8,2011-09-05 12:07:00,0.0,,United Kingdom
567863,35598A,,8,2011-09-22 14:03:00,0.0,,United Kingdom
578340,22568,,8,2011-11-24 09:07:00,0.0,,United Kingdom
579738,21927,,8,2011-11-30 14:26:00,0.0,,United Kingdom
580376,22606,check,8,2011-12-02 17:49:00,0.0,,United Kingdom
538140,90002D,,9,2010-12-09 15:57:00,0.0,,United Kingdom
542545,17165D,,9,2011-01-28 14:44:00,0.0,,United Kingdom
546933,22666,RECIPE BOX PANTRY YELLOW DESIGN,9,2011-03-18 11:02:00,0.0,,United Kingdom
549177,20821,,9,2011-04-06 17:32:00,0.0,,United Kingdom
550979,85145,,9,2011-04-21 17:31:00,0.0,,United Kingdom
554677,20664,,9,2011-05-25 16:03:00,0.0,,United Kingdom
560407,35653,,9,2011-07-18 14:21:00,0.0,,United Kingdom
564926,22968,,9,2011-08-31 12:45:00,0.0,,United Kingdom
569924,22837,,9,2011-10-06 17:44:00,0.0,,United Kingdom
569927,22171,,9,2011-10-06 17:45:00,0.0,,United Kingdom
573979,35968,check,9,2011-11-02 11:02:00,0.0,,United Kingdom
577339,15060B,,9,2011-11-18 14:57:00,0.0,,United Kingdom
537437,90167,,10,2010-12-06 17:00:00,0.0,,United Kingdom
538001,35958,,10,2010-12-09 11:45:00,0.0,,United Kingdom
538130,90042C,,10,2010-12-09 15:55:00,0.0,,United Kingdom
542880,22242,,10,2011-02-01 12:53:00,0.0,,United Kingdom
548694,22720,,10,2011-04-01 17:28:00,0.0,,United Kingdom
549347,35914,,10,2011-04-08 11:11:00,0.0,,United Kingdom
551691,18098C,,10,2011-05-03 13:36:00,0.0,,United Kingdom
554022,20886,,10,2011-05-20 13:19:00,0.0,,United Kingdom
555402,22501,,10,2011-06-02 17:55:00,0.0,,United Kingdom
556326,20731,,10,2011-06-10 11:21:00,0.0,,United Kingdom
556955,gift_0001_20,to push order througha s stock was ,10,2011-06-16 09:04:00,0.0,,United Kingdom
559037,82583,,10,2011-07-05 15:29:00,0.0,,United Kingdom
561365,84595E,,10,2011-07-26 15:44:00,0.0,,United Kingdom
570261,35933,,10,2011-10-10 10:00:00,0.0,,United Kingdom
570710,21918,,10,2011-10-12 10:13:00,0.0,,United Kingdom
573107,21794,adjustment,10,2011-10-27 15:06:00,0.0,,United Kingdom
573293,21181,adjustment,10,2011-10-28 15:14:00,0.0,,United Kingdom
573751,46000U,check,10,2011-11-01 09:33:00,0.0,,United Kingdom
576632,21823,amazon adjust,10,2011-11-16 08:55:00,0.0,,United Kingdom
577611,23118,dotcom adjust,10,2011-11-21 09:59:00,0.0,,United Kingdom
580580,21804,,10,2011-12-05 10:33:00,0.0,,United Kingdom
548001,22451,,11,2011-03-29 10:26:00,0.0,,United Kingdom
548379,20702,,11,2011-03-30 16:41:00,0.0,,United Kingdom
549376,17014A,,11,2011-04-08 11:29:00,0.0,,United Kingdom
553521,22686,FRENCH BLUE METAL DOOR SIGN No,11,2011-05-17 14:35:00,0.0,,United Kingdom
557847,84387A,,11,2011-06-23 10:49:00,0.0,,United Kingdom
558913,84548,,11,2011-07-05 09:32:00,0.0,,United Kingdom
558914,84686,,11,2011-07-05 09:32:00,0.0,,United Kingdom
561323,81952B,,11,2011-07-26 13:03:00,0.0,,United Kingdom
574904,85017B,,11,2011-11-07 15:28:00,0.0,,United Kingdom
576258,22812,,11,2011-11-14 14:17:00,0.0,,United Kingdom
578456,22579,,11,2011-11-24 12:29:00,0.0,,United Kingdom
539413,22959,,12,2010-12-17 13:44:00,0.0,,United Kingdom
540676,84534B,,12,2011-01-10 16:05:00,0.0,,United Kingdom
547402,85028L,,12,2011-03-22 17:04:00,0.0,,United Kingdom
547696,35809B,,12,2011-03-24 16:07:00,0.0,,United Kingdom
549138,22988,,12,2011-04-06 15:25:00,0.0,,United Kingdom
549345,20748,,12,2011-04-08 11:10:00,0.0,,United Kingdom
556962,35965,,12,2011-06-16 09:40:00,0.0,,United Kingdom
557415,21937,,12,2011-06-20 11:48:00,0.0,,United Kingdom
560283,22624,IVORY KITCHEN SCALES,12,2011-07-18 08:32:00,0.0,,EIRE
560283,23196,VINTAGE LEAF MAGNETIC NOTEPAD,12,2011-07-18 08:32:00,0.0,,EIRE
560578,22034,,12,2011-07-19 15:12:00,0.0,,United Kingdom
563452,21033,,12,2011-08-16 14:34:00,0.0,,United Kingdom
563568,20774,,12,2011-08-17 14:45:00,0.0,,United Kingdom
572694,35810B,,12,2011-10-25 14:21:00,0.0,,United Kingdom
572723,21829,adjustment,12,2011-10-25 15:13:00,0.0,,United Kingdom
573256,85135A,,12,2011-10-28 12:19:00,0.0,,United Kingdom
577306,72817,,12,2011-11-18 13:06:00,0.0,,United Kingdom
537438,22959,,13,2010-12-06 17:00:00,0.0,,United Kingdom
544348,84029E,,13,2011-02-18 09:52:00,0.0,,United Kingdom
547673,47593A,found,13,2011-03-24 13:57:00,0.0,,United Kingdom
551324,85017C,Found,13,2011-04-27 15:47:00,0.0,,United Kingdom
551567,21269,,13,2011-05-03 11:12:00,0.0,,United Kingdom
561282,21868,,13,2011-07-26 12:24:00,0.0,,United Kingdom
572539,79030D,,13,2011-10-24 16:10:00,0.0,,United Kingdom
577947,21992,check,13,2011-11-22 12:08:00,0.0,,United Kingdom
548220,79321,,14,2011-03-30 09:47:00,0.0,,United Kingdom
549003,21279,,14,2011-04-05 14:36:00,0.0,,United Kingdom
550948,17109D,Adjustment,14,2011-04-21 15:56:00,0.0,,United Kingdom
551692,84685,,14,2011-05-03 13:36:00,0.0,,United Kingdom
558724,35966,,14,2011-07-01 14:30:00,0.0,,United Kingdom
569517,23084,,14,2011-10-04 14:14:00,0.0,,United Kingdom
573920,84050,check,14,2011-11-01 18:00:00,0.0,,United Kingdom
576414,17012F,check,14,2011-11-15 11:21:00,0.0,,United Kingdom
581211,22142,check,14,2011-12-07 18:36:00,0.0,,United Kingdom
536942,22139,amazon,15,2010-12-03 12:08:00,0.0,,United Kingdom
560116,22084,,15,2011-07-15 10:09:00,0.0,,United Kingdom
560401,84925F,,15,2011-07-18 14:19:00,0.0,,United Kingdom
561392,79161A,,15,2011-07-27 10:09:00,0.0,,United Kingdom
566924,79163,,15,2011-09-15 15:17:00,0.0,,United Kingdom
569381,84660A,,15,2011-10-03 16:44:00,0.0,,United Kingdom
570451,37467,,15,2011-10-10 15:15:00,0.0,,United Kingdom
576431,22688,,15,2011-11-15 11:26:00,0.0,,United Kingdom
576766,85019B,check,15,2011-11-16 13:11:00,0.0,,United Kingdom
581203,23406,,15,2011-12-07 18:31:00,0.0,,United Kingdom
545553,84459B,,16,2011-03-03 15:12:00,0.0,,United Kingdom
569928,22062,,16,2011-10-06 17:49:00,0.0,,United Kingdom
572739,21578,found,16,2011-10-25 15:44:00,0.0,,United Kingdom
576299,21181,,16,2011-11-14 14:38:00,0.0,,United Kingdom
576336,21809,,16,2011-11-14 15:26:00,0.0,,United Kingdom
549002,21278,,17,2011-04-05 14:36:00,0.0,,United Kingdom
556200,84796B,,17,2011-06-09 12:42:00,0.0,,United Kingdom
559377,23283,,17,2011-07-08 10:39:00,0.0,,United Kingdom
560399,82583,,17,2011-07-18 14:18:00,0.0,,United Kingdom
560403,21272,,17,2011-07-18 14:19:00,0.0,,United Kingdom
576517,22121,,17,2011-11-15 12:25:00,0.0,,United Kingdom
579879,22759,check,17,2011-11-30 17:13:00,0.0,,United Kingdom
543254,35645,,18,2011-02-04 15:40:00,0.0,,United Kingdom
551126,82483,,18,2011-04-26 12:47:00,0.0,,United Kingdom
561565,35965,,18,2011-07-28 10:23:00,0.0,,United Kingdom
566593,22035,,18,2011-09-13 14:59:00,0.0,,United Kingdom
569931,37370,,18,2011-10-06 17:50:00,0.0,,United Kingdom
576404,22687,,18,2011-11-15 11:09:00,0.0,,United Kingdom
579873,35819B,check,18,2011-11-30 17:00:00,0.0,,United Kingdom
536765,84952C,,19,2010-12-02 14:43:00,0.0,,United Kingdom
543781,21655,,19,2011-02-11 16:36:00,0.0,,United Kingdom
556430,22968,,19,2011-06-10 13:24:00,0.0,,United Kingdom
570709,21098,,19,2011-10-12 10:13:00,0.0,,United Kingdom
573986,84659A,check,19,2011-11-02 11:13:00,0.0,,United Kingdom
536941,22734,amazon,20,2010-12-03 12:08:00,0.0,,United Kingdom
538873,22734,amazon sales,20,2010-12-14 15:13:00,0.0,,United Kingdom
545551,15058A,,20,2011-03-03 15:11:00,0.0,,United Kingdom
546240,85045,,20,2011-03-10 13:00:00,0.0,,United Kingdom
548997,84507B,,20,2011-04-05 14:33:00,0.0,,United Kingdom
549151,21664,,20,2011-04-06 15:33:00,0.0,,United Kingdom
550975,20941,,20,2011-04-21 17:28:00,0.0,,United Kingdom
561477,40046A,,20,2011-07-27 13:30:00,0.0,,United Kingdom
563359,23084,,20,2011-08-15 14:56:00,0.0,,United Kingdom
563701,85106,,20,2011-08-18 13:55:00,0.0,,United Kingdom
564229,82583,amazon,20,2011-08-24 10:20:00,0.0,,United Kingdom
568102,35911A,,20,2011-09-23 15:34:00,0.0,,United Kingdom
569947,22062,,20,2011-10-06 18:20:00,0.0,,United Kingdom
573884,22687,had been put aside,20,2011-11-01 13:25:00,0.0,,United Kingdom
577612,21181,dotcom,20,2011-11-21 09:59:00,0.0,,United Kingdom
578628,23541,,20,2011-11-24 15:55:00,0.0,,United Kingdom
581102,21803,,20,2011-12-07 11:57:00,0.0,,United Kingdom
581408,85175,,20,2011-12-08 14:06:00,0.0,,United Kingdom
564918,16046,,21,2011-08-31 12:42:00,0.0,,United Kingdom
572476,20665,dotcom,21,2011-10-24 13:39:00,0.0,,United Kingdom
566574,22823,test,22,2011-09-13 13:14:00,0.0,,United Kingdom
569657,84944,michel oops,22,2011-10-05 12:59:00,0.0,,United Kingdom
575518,10080,check,22,2011-11-10 10:53:00,0.0,,United Kingdom
576585,84247E,,22,2011-11-15 14:17:00,0.0,,United Kingdom
536554,84670,,23,2010-12-01 14:35:00,0.0,,United Kingdom
547959,20713,,23,2011-03-28 15:19:00,0.0,,United Kingdom
559602,84686,,23,2011-07-11 11:26:00,0.0,,United Kingdom
559825,21067,,23,2011-07-12 17:41:00,0.0,,United Kingdom
547404,85028S,,24,2011-03-22 17:05:00,0.0,,United Kingdom
547932,85197,,24,2011-03-28 14:01:00,0.0,,United Kingdom
549453,84857C,,24,2011-04-08 14:18:00,0.0,,United Kingdom
553480,21143,,24,2011-05-17 11:51:00,0.0,,United Kingdom
554673,35653,,24,2011-05-25 16:01:00,0.0,,United Kingdom
558889,84857B,,24,2011-07-04 15:32:00,0.0,,United Kingdom
560986,23084,,24,2011-07-22 13:03:00,0.0,,United Kingdom
567129,72127,found box,24,2011-09-16 14:05:00,0.0,,United Kingdom
570645,84247E,,24,2011-10-11 12:44:00,0.0,,United Kingdom
570822,22501,Found,24,2011-10-12 12:52:00,0.0,,United Kingdom
575719,35954,check,24,2011-11-10 18:08:00,0.0,,United Kingdom
578629,22943,,24,2011-11-24 15:56:00,0.0,,United Kingdom
578691,85034A,check,24,2011-11-25 09:37:00,0.0,,United Kingdom
538249,85084,,25,2010-12-10 12:19:00,0.0,,United Kingdom
548207,20713,,25,2011-03-29 17:11:00,0.0,,United Kingdom
548535,90010A,,25,2011-03-31 17:33:00,0.0,,United Kingdom
567056,22050,,25,2011-09-16 11:39:00,0.0,,United Kingdom
569681,84944,,25,2011-10-05 14:31:00,0.0,,United Kingdom
540674,22837,Found,26,2011-01-10 16:05:00,0.0,,United Kingdom
544072,22837,,26,2011-02-15 14:32:00,0.0,,United Kingdom
549145,21421,,26,2011-04-06 15:28:00,0.0,,United Kingdom
560358,35965,dotcom,26,2011-07-18 11:46:00,0.0,,United Kingdom
564915,21673,,26,2011-08-31 12:41:00,0.0,,United Kingdom
573981,21700,check,26,2011-11-02 11:05:00,0.0,,United Kingdom
577942,21811,check,26,2011-11-22 12:08:00,0.0,,United Kingdom
538045,84688,,27,2010-12-09 13:11:00,0.0,,United Kingdom
548195,79321,,27,2011-03-29 15:36:00,0.0,,United Kingdom
551460,22173,,27,2011-04-28 16:05:00,0.0,,United Kingdom
567064,23135,,27,2011-09-16 11:51:00,0.0,,United Kingdom
573978,21644,check,27,2011-11-02 11:02:00,0.0,,United Kingdom
574438,85054,found,27,2011-11-04 11:35:00,0.0,,United Kingdom
581234,72817,,27,2011-12-08 10:33:00,0.0,,United Kingdom
537534,22502,PICNIC BASKET WICKER SMALL,29,2010-12-07 11:48:00,0.0,,United Kingdom
537639,22734,amazon,30,2010-12-07 15:29:00,0.0,,United Kingdom
538041,22145,,30,2010-12-09 13:09:00,0.0,,United Kingdom
538348,22734,amazon,30,2010-12-10 14:59:00,0.0,,United Kingdom
539749,22734,,30,2010-12-21 15:33:00,0.0,,United Kingdom
540011,22501,,30,2011-01-04 11:13:00,0.0,,United Kingdom
550501,35915C,,30,2011-04-18 15:28:00,0.0,,United Kingdom
560216,16162L,,30,2011-07-15 15:11:00,0.0,,United Kingdom
560218,16162M,alan hodge cant mamage this section,30,2011-07-15 15:12:00,0.0,,United Kingdom
561666,22502,,30,2011-07-28 16:59:00,0.0,,United Kingdom
564761,gift_0001_30,,30,2011-08-30 10:48:00,0.0,,United Kingdom
564762,gift_0001_10,,30,2011-08-30 10:48:00,0.0,,United Kingdom
568365,84663A,,30,2011-09-26 15:45:00,0.0,,United Kingdom
549135,20760,,31,2011-04-06 15:23:00,0.0,,United Kingdom
564916,22157,,31,2011-08-31 12:42:00,0.0,,United Kingdom
547957,20713,,32,2011-03-28 15:16:00,0.0,,United Kingdom
573883,22121,had been put aside,32,2011-11-01 13:24:00,0.0,,United Kingdom
579500,22810,,33,2011-11-29 16:14:00,0.0,,United Kingdom
538036,21690,,34,2010-12-09 13:04:00,0.0,,United Kingdom
545875,21736,Adjustment,34,2011-03-07 15:18:00,0.0,,United Kingdom
567151,35815P,,34,2011-09-16 15:51:00,0.0,,United Kingdom
577117,22149,check,34,2011-11-17 18:04:00,0.0,,United Kingdom
540256,35957,,35,2011-01-05 17:21:00,0.0,,United Kingdom
539495,22591,,36,2010-12-20 10:37:00,0.0,,United Kingdom
551321,22719,,36,2011-04-27 15:26:00,0.0,,United Kingdom
561327,85213,,36,2011-07-26 13:54:00,0.0,,United Kingdom
561495,79336,,36,2011-07-27 14:06:00,0.0,,United Kingdom
566325,22035,taig adjust,36,2011-09-12 12:03:00,0.0,,United Kingdom
570869,79164,,36,2011-10-12 16:21:00,0.0,,United Kingdom
573991,21804,check,36,2011-11-02 11:19:00,0.0,,United Kingdom
579563,85135C,found,36,2011-11-30 11:41:00,0.0,,United Kingdom
558725,84944,found,37,2011-07-01 14:31:00,0.0,,United Kingdom
563108,21033,,37,2011-08-12 10:18:00,0.0,,United Kingdom
561497,21609,,38,2011-07-27 14:09:00,0.0,,United Kingdom
540675,20748,Found,40,2011-01-10 16:05:00,0.0,,United Kingdom
556180,22502,,40,2011-06-09 11:29:00,0.0,,United Kingdom
558450,21145,,40,2011-06-29 13:41:00,0.0,,United Kingdom
573885,22689,had been put aside,40,2011-11-01 13:26:00,0.0,,United Kingdom
577340,22570,,40,2011-11-18 14:57:00,0.0,,United Kingdom
551240,51020A,adjustment,41,2011-04-27 11:48:00,0.0,,United Kingdom
581202,23404,check,41,2011-12-07 18:30:00,0.0,,United Kingdom
570015,21394,,42,2011-10-07 09:56:00,0.0,,United Kingdom
557486,22084,,44,2011-06-20 14:42:00,0.0,,United Kingdom
564645,82583,amazon,44,2011-08-26 13:38:00,0.0,,United Kingdom
570860,16168M,found,44,2011-10-12 15:25:00,0.0,,United Kingdom
577949,21804,check,44,2011-11-22 12:09:00,0.0,,United Kingdom
547328,22272,,45,2011-03-22 11:37:00,0.0,,United Kingdom
538128,21357,,46,2010-12-09 15:54:00,0.0,,United Kingdom
549454,84858C,,46,2011-04-08 14:18:00,0.0,,United Kingdom
571688,22149,,46,2011-10-18 14:24:00,0.0,,United Kingdom
576302,22812,,46,2011-11-14 14:41:00,0.0,,United Kingdom
546114,84247K,,47,2011-03-09 13:47:00,0.0,,United Kingdom
548683,72801G,,47,2011-04-01 16:45:00,0.0,,United Kingdom
554377,79164,,47,2011-05-24 11:34:00,0.0,,United Kingdom
556328,21027,,47,2011-06-10 11:23:00,0.0,,United Kingdom
546375,85096,,48,2011-03-11 12:07:00,0.0,,United Kingdom
546673,23348,,48,2011-03-15 16:11:00,0.0,,United Kingdom
548205,21614,,48,2011-03-29 16:51:00,0.0,,United Kingdom
569541,21587,,48,2011-10-04 16:06:00,0.0,,United Kingdom
571042,23306,,48,2011-10-13 13:04:00,0.0,,United Kingdom
571198,21190,,48,2011-10-14 12:16:00,0.0,,United Kingdom
573664,21192,wrongly marked,48,2011-10-31 16:07:00,0.0,,United Kingdom
573880,22812,check,48,2011-11-01 13:21:00,0.0,,United Kingdom
573882,23131,had been put aside,48,2011-11-01 13:23:00,0.0,,United Kingdom
555390,22501,,50,2011-06-02 16:29:00,0.0,,United Kingdom
563447,21033,,50,2011-08-16 14:25:00,0.0,,United Kingdom
567133,85185B,Found in w/hse,50,2011-09-16 14:17:00,0.0,,United Kingdom
578374,21937,found,50,2011-11-24 11:21:00,0.0,,United Kingdom
544344,22865,,51,2011-02-18 09:47:00,0.0,,United Kingdom
561499,72709,,52,2011-07-27 14:11:00,0.0,,United Kingdom
539611,85135B,Found,53,2010-12-20 14:33:00,0.0,,United Kingdom
548364,21095,,53,2011-03-30 15:49:00,0.0,,United Kingdom
571128,72802A,Had been put aside.,54,2011-10-14 10:03:00,0.0,,United Kingdom
536414,22139,,56,2010-12-01 11:52:00,0.0,,United Kingdom
576547,21809,,56,2011-11-15 12:54:00,0.0,,United Kingdom
577944,47503A,check,56,2011-11-22 12:08:00,0.0,,United Kingdom
536995,35951,,57,2010-12-03 15:29:00,0.0,,United Kingdom
572725,20754,Found,57,2011-10-25 15:14:00,0.0,,United Kingdom
569458,20984,,58,2011-10-04 11:31:00,0.0,,United Kingdom
543176,22353,,60,2011-02-04 09:52:00,0.0,,United Kingdom
546406,46000M,POLYESTER FILLER PAD 45x45cm,60,2011-03-11 16:21:00,0.0,,United Kingdom
547626,20973,,60,2011-03-24 11:30:00,0.0,,United Kingdom
551318,21898,,60,2011-04-27 15:25:00,0.0,,United Kingdom
551320,21897,,60,2011-04-27 15:25:00,0.0,,United Kingdom
579680,22533,check,60,2011-11-30 13:29:00,0.0,,United Kingdom
560328,35968,Found,63,2011-07-18 11:00:00,0.0,,United Kingdom
574518,21174,,63,2011-11-04 13:42:00,0.0,,United Kingdom
554634,85214,,64,2011-05-25 11:44:00,0.0,,United Kingdom
562714,22501,,64,2011-08-08 15:23:00,0.0,,United Kingdom
542394,84452,,65,2011-01-27 15:11:00,0.0,,United Kingdom
551319,22459,,65,2011-04-27 15:25:00,0.0,,United Kingdom
563702,85107,,65,2011-08-18 13:55:00,0.0,,United Kingdom
573926,47503A,check,65,2011-11-02 09:52:00,0.0,,United Kingdom
557491,85213,,66,2011-06-20 15:08:00,0.0,,United Kingdom
577263,47503H,found,66,2011-11-18 12:31:00,0.0,,United Kingdom
580549,84876B,found,66,2011-12-05 09:54:00,0.0,,United Kingdom
545666,37468,,67,2011-03-04 15:33:00,0.0,,United Kingdom
554627,84746,,67,2011-05-25 11:26:00,0.0,,United Kingdom
537002,21651,,70,2010-12-03 15:33:00,0.0,,United Kingdom
546406,46000S,POLYESTER FILLER PAD 40x40cm,70,2011-03-11 16:21:00,0.0,,United Kingdom
549141,35819B,,70,2011-04-06 15:26:00,0.0,,United Kingdom
549327,84912A,,70,2011-04-08 10:46:00,0.0,,United Kingdom
552227,84596J,,70,2011-05-06 15:27:00,0.0,,United Kingdom
573170,21174,found,71,2011-10-28 09:59:00,0.0,,United Kingdom
546666,79321,,72,2011-03-15 15:14:00,0.0,,United Kingdom
559335,21147,found,72,2011-07-07 15:57:00,0.0,,United Kingdom
570198,47504K,,72,2011-10-07 15:50:00,0.0,,United Kingdom
546141,79302M,,73,2011-03-09 16:36:00,0.0,,United Kingdom
554828,16049,,74,2011-05-26 15:21:00,0.0,,United Kingdom
538129,84497,,79,2010-12-09 15:55:00,0.0,,United Kingdom
556939,46000M,POLYESTER FILLER PAD 45x45cm,80,2011-06-15 16:34:00,0.0,,United Kingdom
557613,21841,,80,2011-06-21 13:12:00,0.0,,United Kingdom
547827,22444,,82,2011-03-25 15:10:00,0.0,,United Kingdom
538131,17091A,,84,2010-12-09 15:56:00,0.0,,United Kingdom
550950,17091A,found,84,2011-04-21 16:14:00,0.0,,United Kingdom
575175,84279P,found,84,2011-11-08 18:07:00,0.0,,United Kingdom
568946,22740,adjustment,89,2011-09-29 15:01:00,0.0,,United Kingdom
551669,21355,,90,2011-05-03 12:38:00,0.0,,United Kingdom
569540,21586,,96,2011-10-04 16:05:00,0.0,,United Kingdom
570868,21311,,96,2011-10-12 16:18:00,0.0,,United Kingdom
577144,22759,found,96,2011-11-18 09:35:00,0.0,,United Kingdom
547704,21621,rcvd be air temp fix for dotcom sit,100,2011-03-24 17:51:00,0.0,,United Kingdom
552175,23200,mailout ,100,2011-05-06 13:25:00,0.0,,United Kingdom
552177,23202,mailout,100,2011-05-06 13:28:00,0.0,,United Kingdom
552178,23203,mailout,100,2011-05-06 13:29:00,0.0,,United Kingdom
552187,23209,mailout,100,2011-05-06 13:59:00,0.0,,United Kingdom
558663,23574,,100,2011-07-01 10:44:00,0.0,,United Kingdom
561361,21294,,100,2011-07-26 15:40:00,0.0,,United Kingdom
562215,21147,,100,2011-08-03 13:45:00,0.0,,United Kingdom
564533,23348,,100,2011-08-25 15:09:00,0.0,,United Kingdom
571633,20713,found,100,2011-10-18 11:27:00,0.0,,United Kingdom
571674,23702,,100,2011-10-18 13:22:00,0.0,,United Kingdom
572345,20713,Found,100,2011-10-24 10:53:00,0.0,,United Kingdom
551322,85099F,,101,2011-04-27 15:28:00,0.0,,United Kingdom
565288,23135,?,101,2011-09-02 11:43:00,0.0,,United Kingdom
569933,84849D,,101,2011-10-06 17:51:00,0.0,,United Kingdom
561673,23134,,107,2011-07-28 17:20:00,0.0,,United Kingdom
560857,35819P,,108,2011-07-21 13:21:00,0.0,,United Kingdom
573881,21098,had been put aside,108,2011-11-01 13:22:00,0.0,,United Kingdom
536999,21421,,110,2010-12-03 15:32:00,0.0,,United Kingdom
567201,23084,website fixed,110,2011-09-19 10:28:00,0.0,,United Kingdom
577145,20832,check,110,2011-11-18 09:35:00,0.0,,United Kingdom
572920,72803A,?,117,2011-10-26 16:52:00,0.0,,United Kingdom
543471,85150,,118,2011-02-08 15:00:00,0.0,,United Kingdom
537430,85215,,120,2010-12-06 16:05:00,0.0,,United Kingdom
544321,16033,,120,2011-02-17 15:42:00,0.0,,United Kingdom
568948,20984,found,120,2011-09-29 15:13:00,0.0,,United Kingdom
542508,37467,,136,2011-01-28 12:06:00,0.0,,United Kingdom
545651,21973,,140,2011-03-04 13:14:00,0.0,,United Kingdom
568567,46000M,POLYESTER FILLER PAD 45x45cm,140,2011-09-27 18:41:00,0.0,,United Kingdom
561665,22171,?,142,2011-07-28 16:55:00,0.0,,United Kingdom
566762,85232D,,143,2011-09-14 17:35:00,0.0,,United Kingdom
538004,22114,,144,2010-12-09 12:11:00,0.0,,United Kingdom
540673,21644,found,144,2011-01-10 16:04:00,0.0,,United Kingdom
546085,84535A,,144,2011-03-09 11:32:00,0.0,,United Kingdom
547575,85025C,,144,2011-03-24 10:18:00,0.0,,United Kingdom
565376,21682,,144,2011-09-02 15:10:00,0.0,,United Kingdom
576509,21868,,144,2011-11-15 12:03:00,0.0,,United Kingdom
559147,84944,,147,2011-07-06 14:32:00,0.0,,United Kingdom
548399,15030,,150,2011-03-30 17:25:00,0.0,,United Kingdom
575506,C2,,150,2011-11-10 10:30:00,0.0,,United Kingdom
556939,46000S,POLYESTER FILLER PAD 40x40cm,160,2011-06-15 16:34:00,0.0,,United Kingdom
560565,82583,FBA,160,2011-07-19 13:44:00,0.0,,United Kingdom
563015,46000M,POLYESTER FILLER PAD 45x45cm,160,2011-08-11 12:24:00,0.0,,United Kingdom
547948,71038,,167,2011-03-28 15:06:00,0.0,,United Kingdom
549103,82494L,,167,2011-04-06 11:39:00,0.0,,United Kingdom
546408,22467,wrongly sold (22719) barcode,170,2011-03-11 16:25:00,0.0,,United Kingdom
559296,23298,SPOTTY BUNTING,170,2011-07-07 12:35:00,0.0,,United Kingdom
561271,10080,,170,2011-07-26 12:18:00,0.0,,United Kingdom
565070,85032D,,171,2011-08-31 17:18:00,0.0,,United Kingdom
546309,85185B,,180,2011-03-10 16:24:00,0.0,,United Kingdom
548286,10002,,180,2011-03-30 11:47:00,0.0,,United Kingdom
576109,21181,adjustment,180,2011-11-14 10:33:00,0.0,,United Kingdom
573495,22117,check,184,2011-10-31 11:58:00,0.0,,United Kingdom
542378,84279B,,192,2011-01-27 13:56:00,0.0,,United Kingdom
553481,21181,on cargo order,192,2011-05-17 12:06:00,0.0,,United Kingdom
567131,21830,damaged,192,2011-09-16 14:13:00,0.0,,United Kingdom
569463,23268,Lighthouse Trading zero invc incorr,192,2011-10-04 11:39:00,0.0,,United Kingdom
553769,23444,,200,2011-05-19 10:48:00,0.0,,United Kingdom
559296,23001,TRAVEL CARD WALLET DOTCOMGIFTSHOP,200,2011-07-07 12:35:00,0.0,,United Kingdom
559946,21578,,200,2011-07-14 10:26:00,0.0,,United Kingdom
572547,20713,wrongly marked 23343,200,2011-10-24 17:01:00,0.0,,United Kingdom
577102,21915,John Lewis,200,2011-11-17 17:01:00,0.0,,United Kingdom
559296,22616,PACK OF 12 LONDON TISSUES ,204,2011-07-07 12:35:00,0.0,,United Kingdom
578692,23157,check,212,2011-11-25 09:38:00,0.0,,United Kingdom
546244,21484,,219,2011-03-10 13:24:00,0.0,,United Kingdom
563015,46000S,POLYESTER FILLER PAD 40x40cm,220,2011-08-11 12:24:00,0.0,,United Kingdom
565319,23348,,225,2011-09-02 13:07:00,0.0,,United Kingdom
546308,21555,,232,2011-03-10 16:23:00,0.0,,United Kingdom
568548,21830,,240,2011-09-27 14:40:00,0.0,,United Kingdom
576426,21051,found,240,2011-11-15 11:24:00,0.0,,United Kingdom
581406,46000M,POLYESTER FILLER PAD 45x45cm,240,2011-12-08 13:58:00,0.0,,United Kingdom
564917,79000,,245,2011-08-31 12:42:00,0.0,,United Kingdom
546307,84029G,,280,2011-03-10 16:22:00,0.0,,United Kingdom
538160,20956,,288,2010-12-09 17:18:00,0.0,,United Kingdom
556418,47021G,,288,2011-06-10 12:26:00,0.0,,United Kingdom
571016,84596G,,288,2011-10-13 12:17:00,0.0,,United Kingdom
581406,46000S,POLYESTER FILLER PAD 40x40cm,300,2011-12-08 13:58:00,0.0,,United Kingdom
543049,79063C,,320,2011-02-03 10:09:00,0.0,,United Kingdom
550502,84535A,,320,2011-04-18 15:29:00,0.0,,United Kingdom
568567,46000S,POLYESTER FILLER PAD 40x40cm,320,2011-09-27 18:41:00,0.0,,United Kingdom
566615,23084,,344,2011-09-13 17:30:00,0.0,,United Kingdom
577959,85107,check?,374,2011-11-22 12:11:00,0.0,,United Kingdom
551394,16015,,400,2011-04-28 12:37:00,0.0,,United Kingdom
564633,23084,,400,2011-08-26 12:14:00,0.0,,United Kingdom
572890,20713,Marked as 23343,400,2011-10-26 14:14:00,0.0,,United Kingdom
569895,23348,,420,2011-10-06 15:55:00,0.0,,United Kingdom
562945,79000,,425,2011-08-11 09:35:00,0.0,,United Kingdom
538861,22444,,460,2010-12-14 14:04:00,0.0,,United Kingdom
567137,84929,found,600,2011-09-16 14:39:00,0.0,,United Kingdom
566316,23306,,682,2011-09-12 10:07:00,0.0,,United Kingdom
565556,POST,,750,2011-09-05 12:14:00,0.0,,United Kingdom
539494,21479,?,752,2010-12-20 10:36:00,0.0,,United Kingdom
554857,POST,,800,2011-05-27 10:08:00,0.0,,United Kingdom
569830,23343,wrongly coded 20713,800,2011-10-06 12:38:00,0.0,,United Kingdom
575505,POST,,800,2011-11-10 10:29:00,0.0,,United Kingdom
543051,79062D,,960,2011-02-03 10:15:00,0.0,,United Kingdom
540699,POST,,1000,2011-01-11 09:32:00,0.0,,United Kingdom
547966,DOT,,1000,2011-03-28 15:49:00,0.0,,United Kingdom
573114,20713,wrongly coded 23343,1000,2011-10-27 15:36:00,0.0,,United Kingdom
543258,84611B,,1287,2011-02-04 16:06:00,0.0,,United Kingdom
550460,47556B,did  a credit  and did not tick ret,1300,2011-04-18 13:18:00,0.0,,United Kingdom
554550,47566B,incorrectly credited C550456 see 47,1300,2011-05-25 09:57:00,0.0,,United Kingdom
542505,79063D,,2560,2011-01-28 12:04:00,0.0,,United Kingdom
546139,84988,?,3000,2011-03-09 16:35:00,0.0,,United Kingdom
560040,23343,came coded as 20713,3100,2011-07-14 14:28:00,0.0,,United Kingdom
556231,85123A,?,4000,2011-06-09 15:04:00,0.0,,United Kingdom
542504,37413,,5568,2011-01-28 12:03:00,0.0,,United Kingdom
